{
  "contours": [
    {
      "fill": {
        "kind": 0,
        "color": 4288256409
      },
      "vertices": [5245, 0, 0, 493, 0, 0, 5245, 493],
      "indices": [0, 1, 2, 1, 0, 3]
    },
    {
      "fill": {
        "kind": 0,
        "color": 4288256409
      },
      "vertices": [
        5245,
        503,
        0,
        503,
        5245,
        483,
        0,
        483,
        0,
        493,
        6.123233995736766e-16,
        503,
        -1.986693307950611,
        502.8006657784124,
        -3.8941834230865036,
        502.21060994002886,
        -5.6464247339503535,
        501.25335614909676,
        -7.173560908995226,
        499.96706709347166,
        -8.414709848078965,
        498.4030230586814,
        -9.320390859672264,
        496.62357754476676,
        -9.854497299884603,
        494.6996714290024,
        -10,
        493,
        -10,
        0,
        10,
        493,
        10,
        0,
        0,
        0,
        -10,
        1.2246467991473533e-15,
        -9.800665778412416,
        -1.9866933079506128,
        -9.210609940028853,
        -3.894183423086503,
        -8.253356149096783,
        -5.6464247339503535,
        -6.967067093471656,
        -7.173560908995226,
        -5.403023058681398,
        -8.414709848078964,
        -3.623577544766735,
        -9.320390859672264,
        -1.699671429002407,
        -9.854497299884603,
        0,
        -10,
        5245,
        -10,
        0,
        10,
        5245,
        10,
        5245,
        0,
        5246.98669330795,
        -9.800665778412416,
        5248.894183423086,
        -9.210609940028851,
        5250.64642473395,
        -8.253356149096781,
        5252.173560908996,
        -6.967067093471654,
        5253.414709848079,
        -5.403023058681397,
        5254.320390859672,
        -3.6235775447667335,
        5254.854497299884,
        -1.6996714290024075,
        5255,
        0,
        5255,
        493,
        5235,
        0,
        5235,
        493,
        5245,
        493,
        5254.800665778413,
        494.9866933079506,
        5254.210609940029,
        496.89418342308653,
        5253.253356149096,
        498.64642473395037,
        5251.967067093472,
        500.1735609089952,
        5250.403023058681,
        501.414709848079,
        5248.623577544767,
        502.3203908596723,
        5246.699671429003,
        502.8544972998846
      ],
      "indices": [
        0,
        1,
        2,
        2,
        1,
        3,
        1,
        4,
        5,
        5,
        4,
        6,
        6,
        4,
        7,
        7,
        4,
        8,
        8,
        4,
        9,
        9,
        4,
        10,
        10,
        4,
        11,
        11,
        4,
        12,
        12,
        4,
        13,
        13,
        14,
        15,
        15,
        14,
        16,
        14,
        17,
        18,
        18,
        17,
        19,
        19,
        17,
        20,
        20,
        17,
        21,
        21,
        17,
        22,
        22,
        17,
        23,
        23,
        17,
        24,
        24,
        17,
        25,
        25,
        17,
        26,
        26,
        27,
        28,
        28,
        27,
        29,
        27,
        30,
        27,
        27,
        30,
        31,
        31,
        30,
        32,
        32,
        30,
        33,
        33,
        30,
        34,
        34,
        30,
        35,
        35,
        30,
        36,
        36,
        30,
        37,
        37,
        30,
        38,
        38,
        39,
        40,
        40,
        39,
        41,
        39,
        42,
        39,
        39,
        42,
        43,
        43,
        42,
        44,
        44,
        42,
        45,
        45,
        42,
        46,
        46,
        42,
        47,
        47,
        42,
        48,
        48,
        42,
        49,
        49,
        42,
        0
      ]
    }
  ],
  "bounds": [-10, -10, 5265, 513]
}
