{
  "contours": [
    {
      "fill": {
        "kind": 0,
        "color": 4278190080
      },
      "vertices": [
        83,
        203,
        109.84375,
        164.75,
        116,
        203,
        109.375,
        161.5,
        109.09375,
        158.25,
        109,
        155,
        110.5,
        168,
        111.34375,
        171.25,
        112.375,
        174.5,
        113.59375,
        177.75,
        115,
        181,
        120,
        197,
        0.609375,
        177.09375,
        2,
        189,
        0,
        186,
        2.4375,
        167.375,
        47,
        194,
        5.484375,
        156.84375,
        9.75,
        145.5,
        15.234375,
        133.34375,
        21.9375,
        120.375,
        29.859375,
        106.59375,
        39,
        92,
        71,
        45,
        69,
        198,
        117,
        0,
        118,
        4
      ],
      "indices": [
        0,
        1,
        2,
        1,
        0,
        3,
        3,
        0,
        4,
        4,
        0,
        5,
        2,
        1,
        6,
        2,
        6,
        7,
        2,
        7,
        8,
        2,
        8,
        9,
        2,
        9,
        10,
        2,
        10,
        11,
        12,
        13,
        14,
        13,
        12,
        15,
        13,
        15,
        16,
        16,
        15,
        17,
        16,
        17,
        18,
        16,
        18,
        19,
        16,
        19,
        20,
        16,
        20,
        21,
        16,
        21,
        22,
        16,
        22,
        23,
        16,
        23,
        24,
        24,
        23,
        0,
        0,
        23,
        25,
        0,
        25,
        5,
        5,
        25,
        26
      ]
    }
  ],
  "bounds": [0, 0, 120, 203]
}
