{
  "contours": [
    {
      "fill": {
        "kind": 0,
        "color": 4278190080
      },
      "vertices": [
        0.046875,
        55.421875,
        4,
        87,
        0,
        60,
        0.1875,
        51.1875,
        0.421875,
        47.296875,
        0.75,
        43.75,
        1.171875,
        40.546875,
        1.6875,
        37.6875,
        2.296875,
        35.171875,
        3,
        33,
        5.265625,
        28.3125,
        63.1875,
        36.828125,
        61,
        214,
        59,
        28.25,
        62,
        214,
        63,
        218,
        74,
        136,
        73,
        188,
        72,
        74,
        70,
        218,
        69.6875,
        59.703125,
        74,
        193,
        68,
        228,
        66.75,
        47.3125,
        70,
        219,
        11.03125,
        127.75,
        0,
        94,
        8.0625,
        24.25,
        11.390625,
        20.8125,
        21.125,
        157,
        15.25,
        18,
        19.640625,
        15.8125,
        24.5625,
        14.25,
        30.28125,
        181.75,
        30.015625,
        13.3125,
        36,
        13,
        38.5,
        202,
        42.6875,
        13.953125,
        45.78125,
        217.75,
        48.75,
        16.8125,
        52.125,
        229,
        54.1875,
        21.578125,
        57.53125,
        235.75,
        61,
        215,
        62,
        238,
        62,
        220,
        66,
        237,
        69,
        238,
        72,
        236,
        92,
        211,
        88,
        235,
        88,
        226,
        88.359375,
        236.640625,
        88.9375,
        238.0625,
        89.734375,
        239.265625,
        90.75,
        240.25,
        91.984375,
        241.015625,
        93.4375,
        241.5625,
        94,
        164,
        95.109375,
        241.890625,
        94.859375,
        158.46875,
        95.9375,
        152.375,
        97,
        242,
        97.234375,
        145.71875,
        102,
        238,
        98.75,
        138.5,
        100.484375,
        130.71875,
        102.4375,
        122.375,
        105,
        239,
        104.609375,
        113.46875,
        107,
        104,
        138,
        190,
        109.28125,
        94.359375,
        111.625,
        85.4375,
        114.03125,
        77.234375,
        116.5,
        69.75,
        119.03125,
        62.984375,
        121.625,
        56.9375,
        124.28125,
        51.609375,
        127,
        47,
        144,
        19,
        164,
        138,
        148.015625,
        15.4375,
        152.5625,
        12.25,
        157.640625,
        9.4375,
        163.25,
        7,
        169.390625,
        4.9375,
        201,
        87,
        176.0625,
        3.25,
        183.265625,
        1.9375,
        191,
        1,
        212,
        0,
        207.5625,
        78.109375,
        213.25,
        69.9375,
        214.875,
        1.8125,
        218.0625,
        62.484375,
        217.5,
        3.75,
        219.875,
        5.8125,
        222,
        55.75,
        222,
        8,
        223.875,
        10.3125,
        225.0625,
        49.734375,
        225.5,
        12.75,
        227.25,
        44.4375,
        226.875,
        15.3125,
        228,
        18,
        228.5625,
        39.859375,
        229,
        36
      ],
      "indices": [
        0,
        1,
        2,
        1,
        0,
        3,
        1,
        3,
        4,
        1,
        4,
        5,
        1,
        5,
        6,
        1,
        6,
        7,
        1,
        7,
        8,
        1,
        8,
        9,
        1,
        9,
        10,
        11,
        12,
        13,
        12,
        11,
        14,
        14,
        11,
        15,
        16,
        17,
        18,
        18,
        19,
        20,
        19,
        18,
        17,
        19,
        17,
        21,
        20,
        22,
        23,
        22,
        20,
        24,
        24,
        20,
        19,
        1,
        25,
        26,
        25,
        1,
        10,
        25,
        10,
        27,
        25,
        27,
        28,
        25,
        28,
        29,
        29,
        28,
        30,
        29,
        30,
        31,
        29,
        31,
        32,
        29,
        32,
        33,
        33,
        32,
        34,
        33,
        34,
        35,
        33,
        35,
        36,
        36,
        35,
        37,
        36,
        37,
        38,
        38,
        37,
        39,
        38,
        39,
        40,
        40,
        39,
        41,
        40,
        41,
        42,
        42,
        41,
        13,
        42,
        13,
        43,
        42,
        43,
        44,
        43,
        13,
        12,
        44,
        43,
        45,
        44,
        45,
        15,
        44,
        15,
        46,
        46,
        15,
        11,
        46,
        11,
        23,
        46,
        23,
        22,
        46,
        22,
        47,
        47,
        22,
        48,
        49,
        50,
        51,
        50,
        49,
        52,
        52,
        49,
        53,
        53,
        49,
        54,
        54,
        49,
        55,
        55,
        49,
        56,
        56,
        49,
        57,
        57,
        49,
        58,
        57,
        58,
        59,
        59,
        58,
        60,
        59,
        60,
        61,
        59,
        61,
        62,
        62,
        61,
        63,
        62,
        63,
        64,
        64,
        63,
        65,
        64,
        65,
        66,
        64,
        66,
        67,
        64,
        67,
        68,
        68,
        67,
        69,
        68,
        69,
        70,
        68,
        70,
        71,
        71,
        70,
        72,
        71,
        72,
        73,
        71,
        73,
        74,
        71,
        74,
        75,
        71,
        75,
        76,
        71,
        76,
        77,
        71,
        77,
        78,
        71,
        78,
        79,
        71,
        79,
        80,
        71,
        80,
        81,
        81,
        80,
        82,
        81,
        82,
        83,
        81,
        83,
        84,
        81,
        84,
        85,
        81,
        85,
        86,
        81,
        86,
        87,
        87,
        86,
        88,
        87,
        88,
        89,
        87,
        89,
        90,
        87,
        90,
        91,
        87,
        91,
        92,
        92,
        91,
        93,
        93,
        91,
        94,
        93,
        94,
        95,
        95,
        94,
        96,
        95,
        96,
        97,
        95,
        97,
        98,
        98,
        97,
        99,
        98,
        99,
        100,
        98,
        100,
        101,
        101,
        100,
        102,
        101,
        102,
        103,
        103,
        102,
        104,
        103,
        104,
        105,
        103,
        105,
        106,
        106,
        105,
        107
      ]
    }
  ],
  "bounds": [0, 0, 229, 242]
}
