{
  "contours": [
    {
      "fill": {
        "kind": 0,
        "color": 4278190080
      },
      "vertices": [
        1,
        22,
        4,
        62,
        0,
        37,
        14,
        7,
        26,
        89,
        23,
        7,
        28.625,
        13.125,
        38,
        76,
        33.5,
        19.5,
        37.625,
        26.125,
        41,
        33,
        47,
        63,
        43.625,
        40.125,
        45.5,
        47.5,
        46.625,
        55.125,
        56.234375,
        59.5,
        81,
        89,
        56,
        62,
        56.9375,
        56.5,
        58.109375,
        53,
        59.75,
        49,
        61.859375,
        44.5,
        64.4375,
        39.5,
        67.484375,
        34,
        71,
        28,
        91,
        0,
        107,
        54,
        107,
        0,
        114,
        11,
        116,
        23
      ],
      "indices": [
        0,
        1,
        2,
        1,
        0,
        3,
        1,
        3,
        4,
        4,
        3,
        5,
        4,
        5,
        6,
        4,
        6,
        7,
        7,
        6,
        8,
        7,
        8,
        9,
        7,
        9,
        10,
        7,
        10,
        11,
        11,
        10,
        12,
        11,
        12,
        13,
        11,
        13,
        14,
        15,
        16,
        17,
        16,
        15,
        18,
        16,
        18,
        19,
        16,
        19,
        20,
        16,
        20,
        21,
        16,
        21,
        22,
        16,
        22,
        23,
        16,
        23,
        24,
        16,
        24,
        25,
        16,
        25,
        26,
        26,
        25,
        27,
        26,
        27,
        28,
        26,
        28,
        29
      ]
    }
  ],
  "bounds": [0, 0, 116, 89]
}
