{
  "contours": [
    {
      "fill": {
        "kind": 0,
        "color": 4278190080
      },
      "vertices": [
        27,
        3,
        21,
        42,
        21,
        5,
        25,
        53,
        28,
        63,
        29.21875,
        3.21875,
        96.125,
        16.078125,
        96,
        19,
        96,
        13.3125,
        121.265625,
        27.453125,
        118,
        68,
        116.0625,
        29.8125,
        119,
        65,
        130,
        36,
        127,
        25,
        0.109375,
        68.828125,
        0.421875,
        76.5625,
        0,
        71,
        0.4375,
        66.8125,
        1.6875,
        82.25,
        0.984375,
        64.953125,
        1.75,
        63.25,
        3.796875,
        88.0625,
        2.734375,
        61.703125,
        3.9375,
        60.3125,
        6.75,
        94,
        5.359375,
        59.078125,
        7,
        58,
        10.546875,
        100.0625,
        18,
        58,
        15.1875,
        106.25,
        20.671875,
        112.5625,
        27,
        119,
        45,
        101,
        31.375,
        3.875,
        33.46875,
        4.96875,
        35.5,
        6.5,
        37.46875,
        8.46875,
        39.375,
        10.875,
        41.21875,
        13.71875,
        43,
        17,
        52,
        37,
        66,
        85,
        73,
        14,
        71.296875,
        85.265625,
        76.1875,
        86.0625,
        90,
        0,
        80.671875,
        87.390625,
        84.75,
        89.25,
        88.421875,
        91.640625,
        91.6875,
        94.5625,
        91.625,
        1.828125,
        93,
        3.8125,
        94.546875,
        98.015625,
        94.125,
        5.953125,
        95,
        8.25,
        97,
        102,
        96,
        42,
        95.625,
        10.703125,
        98.015625,
        40.203125,
        110,
        119,
        100.5625,
        38.3125,
        103.640625,
        36.328125,
        107.25,
        34.25,
        111.390625,
        32.078125,
        112.421875,
        118.328125,
        115.1875,
        116.3125,
        118.296875,
        112.953125,
        134,
        68,
        121.75,
        108.25,
        125.546875,
        102.203125,
        129.6875,
        94.8125,
        134.171875,
        86.078125,
        139,
        76
      ],
      "indices": [
        0,
        1,
        2,
        1,
        0,
        3,
        3,
        0,
        4,
        4,
        0,
        5,
        6,
        7,
        8,
        9,
        10,
        11,
        10,
        9,
        12,
        12,
        9,
        13,
        13,
        9,
        14,
        15,
        16,
        17,
        16,
        15,
        18,
        16,
        18,
        19,
        19,
        18,
        20,
        19,
        20,
        21,
        19,
        21,
        22,
        22,
        21,
        23,
        22,
        23,
        24,
        22,
        24,
        25,
        25,
        24,
        26,
        25,
        26,
        27,
        25,
        27,
        28,
        28,
        27,
        29,
        28,
        29,
        30,
        30,
        29,
        31,
        31,
        29,
        4,
        31,
        4,
        32,
        32,
        4,
        33,
        33,
        4,
        5,
        33,
        5,
        34,
        33,
        34,
        35,
        33,
        35,
        36,
        33,
        36,
        37,
        33,
        37,
        38,
        33,
        38,
        39,
        33,
        39,
        40,
        33,
        40,
        41,
        33,
        41,
        42,
        42,
        41,
        43,
        42,
        43,
        44,
        44,
        43,
        45,
        45,
        43,
        46,
        45,
        46,
        47,
        47,
        46,
        48,
        48,
        46,
        49,
        49,
        46,
        50,
        50,
        46,
        51,
        50,
        51,
        52,
        50,
        52,
        53,
        53,
        52,
        54,
        53,
        54,
        55,
        53,
        55,
        56,
        56,
        55,
        57,
        57,
        55,
        58,
        57,
        58,
        8,
        57,
        8,
        7,
        56,
        57,
        59,
        56,
        59,
        60,
        60,
        59,
        61,
        60,
        61,
        62,
        60,
        62,
        63,
        60,
        63,
        64,
        60,
        64,
        65,
        65,
        64,
        11,
        65,
        11,
        66,
        66,
        11,
        67,
        67,
        11,
        10,
        67,
        10,
        68,
        67,
        68,
        69,
        69,
        68,
        70,
        70,
        68,
        71,
        71,
        68,
        72,
        72,
        68,
        73
      ]
    }
  ],
  "bounds": [0, 0, 139, 119]
}
