{
  "contours": [
    {
      "fill": {
        "kind": 0,
        "color": 4278190080
      },
      "vertices": [
        1.65625,
        99.296875,
        1.65625,
        106.046875,
        1.5,
        102.75,
        2.125,
        95.6875,
        2.125,
        109.1875,
        2.90625,
        91.921875,
        2.90625,
        112.171875,
        4,
        88,
        4,
        115,
        5.4375,
        84.078125,
        6.875,
        118.578125,
        7.25,
        80.3125,
        10,
        121.8125,
        9.4375,
        76.703125,
        12,
        73.25,
        13.375,
        124.703125,
        14.9375,
        69.953125,
        17,
        127.25,
        18.25,
        66.8125,
        20.875,
        129.453125,
        21.9375,
        63.828125,
        25,
        131.3125,
        26,
        61,
        29.375,
        132.828125,
        47,
        65,
        34,
        134,
        43,
        139,
        99,
        132,
        82,
        69,
        113,
        65,
        146,
        119,
        161,
        49,
        175,
        111,
        210,
        50,
        181.234375,
        111.71875,
        187.4375,
        112.875,
        193.609375,
        114.46875,
        199.75,
        116.5,
        205.859375,
        118.96875,
        211.9375,
        121.875,
        224,
        52,
        217.984375,
        125.21875,
        224,
        129,
        231,
        56,
        258,
        128,
        242,
        60,
        252,
        76,
        259,
        80,
        263,
        123,
        261,
        79,
        269,
        93,
        272,
        105
      ],
      "indices": [
        0,
        1,
        2,
        1,
        0,
        3,
        1,
        3,
        4,
        4,
        3,
        5,
        4,
        5,
        6,
        6,
        5,
        7,
        6,
        7,
        8,
        8,
        7,
        9,
        8,
        9,
        10,
        10,
        9,
        11,
        10,
        11,
        12,
        12,
        11,
        13,
        12,
        13,
        14,
        12,
        14,
        15,
        15,
        14,
        16,
        15,
        16,
        17,
        17,
        16,
        18,
        17,
        18,
        19,
        19,
        18,
        20,
        19,
        20,
        21,
        21,
        20,
        22,
        21,
        22,
        23,
        23,
        22,
        24,
        23,
        24,
        25,
        25,
        24,
        26,
        26,
        24,
        27,
        27,
        24,
        28,
        27,
        28,
        29,
        27,
        29,
        30,
        30,
        29,
        31,
        30,
        31,
        32,
        32,
        31,
        33,
        32,
        33,
        34,
        34,
        33,
        35,
        35,
        33,
        36,
        36,
        33,
        37,
        37,
        33,
        38,
        38,
        33,
        39,
        39,
        33,
        40,
        39,
        40,
        41,
        41,
        40,
        42,
        42,
        40,
        43,
        42,
        43,
        44,
        44,
        43,
        45,
        44,
        45,
        46,
        44,
        46,
        47,
        44,
        47,
        48,
        48,
        47,
        49,
        48,
        49,
        50,
        48,
        50,
        51
      ]
    }
  ],
  "bounds": [0, 0, 272, 139]
}
