{
  "contours": [
    {
      "fill": {
        "kind": 0,
        "color": 4278190080
      },
      "vertices": [
        34,
        174,
        33,
        171,
        34,
        168,
        1,
        15,
        17,
        98,
        0,
        17,
        26,
        53,
        24,
        139,
        30,
        160,
        47,
        93,
        38,
        173,
        45.875,
        172.25,
        46,
        171,
        46.375,
        169.75,
        47,
        168.5,
        61,
        52,
        47.875,
        167.25,
        49,
        166,
        57,
        159,
        76,
        159,
        78,
        9,
        79.875,
        160.078125,
        81,
        9,
        83.5,
        161.3125,
        92,
        89,
        86.875,
        162.703125,
        90,
        164.25,
        92.875,
        165.953125,
        97.96875,
        75.578125,
        95.5,
        167.8125,
        97.875,
        169.828125,
        100,
        172,
        104.375,
        62.8125,
        108,
        187,
        111.21875,
        50.703125,
        113,
        188,
        118.5,
        39.25,
        144,
        111,
        126.21875,
        28.453125,
        134.375,
        18.3125,
        142.96875,
        8.828125,
        152,
        0,
        146.578125,
        101.25,
        148.8125,
        91.5,
        150.703125,
        81.75,
        152.25,
        72,
        155,
        33,
        153.453125,
        62.25,
        154.3125,
        52.5,
        154.828125,
        42.75,
        46,
        178,
        46,
        173.5,
        46.375,
        174.75,
        47,
        176,
        38,
        174
      ],
      "indices": [
        0,
        1,
        2,
        3,
        4,
        5,
        4,
        3,
        6,
        4,
        6,
        7,
        7,
        6,
        8,
        8,
        6,
        9,
        8,
        9,
        2,
        2,
        9,
        0,
        0,
        9,
        10,
        10,
        9,
        11,
        11,
        9,
        12,
        12,
        9,
        13,
        13,
        9,
        14,
        14,
        9,
        15,
        14,
        15,
        16,
        16,
        15,
        17,
        17,
        15,
        18,
        18,
        15,
        19,
        19,
        15,
        20,
        19,
        20,
        21,
        21,
        20,
        22,
        21,
        22,
        23,
        23,
        22,
        24,
        23,
        24,
        25,
        25,
        24,
        26,
        26,
        24,
        27,
        27,
        24,
        28,
        27,
        28,
        29,
        29,
        28,
        30,
        30,
        28,
        31,
        31,
        28,
        32,
        31,
        32,
        33,
        33,
        32,
        34,
        33,
        34,
        35,
        35,
        34,
        36,
        35,
        36,
        37,
        37,
        36,
        38,
        37,
        38,
        39,
        37,
        39,
        40,
        37,
        40,
        41,
        37,
        41,
        42,
        42,
        41,
        43,
        43,
        41,
        44,
        44,
        41,
        45,
        45,
        41,
        46,
        45,
        46,
        47,
        47,
        46,
        48,
        48,
        46,
        49,
        11,
        50,
        10,
        50,
        11,
        51,
        50,
        51,
        52,
        50,
        52,
        53,
        54,
        0,
        10
      ]
    }
  ],
  "bounds": [0, 0, 155, 188]
}
