{
  "contours": [
    {
      "fill": {
        "kind": 0,
        "color": 4278190080
      },
      "vertices": [
        94.4375,
        8.5625,
        82,
        196,
        81.109375,
        14.515625,
        99,
        176,
        105.984375,
        4.140625,
        119,
        173,
        115.75,
        1.25,
        123.734375,
        -0.109375,
        123.015625,
        174.34375,
        126.5625,
        175.875,
        129.9375,
        0.0625,
        129.640625,
        177.59375,
        132.25,
        179.5,
        134.359375,
        1.765625,
        134.390625,
        181.59375,
        137,
        5,
        136.0625,
        183.875,
        137.265625,
        186.34375,
        147.4375,
        6.15625,
        138,
        189,
        148,
        189,
        157.25,
        8.125,
        150,
        195,
        166.40625,
        183.421875,
        166.4375,
        10.90625,
        180.625,
        171.1875,
        175,
        14.5,
        182.9375,
        18.90625,
        192.65625,
        158.296875,
        190.25,
        24.125,
        196.9375,
        30.15625,
        202.5,
        144.75,
        203,
        37,
        210.15625,
        130.546875,
        206.984375,
        42.765625,
        210.4375,
        48.5625,
        215.625,
        115.6875,
        213.359375,
        54.390625,
        215.75,
        60.25,
        218.90625,
        100.171875,
        217.609375,
        66.140625,
        218.9375,
        72.0625,
        220,
        84,
        219.734375,
        78.015625,
        143,
        193,
        1.03125,
        85.328125,
        1.234375,
        110.875,
        0,
        95,
        4.125,
        75.8125,
        4.9375,
        126,
        9.28125,
        66.453125,
        11.109375,
        140.375,
        16.5,
        57.25,
        19.75,
        154,
        25.78125,
        48.203125,
        30.859375,
        166.875,
        37.125,
        39.3125,
        44.4375,
        179,
        50.53125,
        30.578125,
        60.484375,
        190.375,
        66,
        22,
        79,
        201,
        81,
        199,
        82,
        199,
        82,
        198
      ],
      "indices": [
        0,
        1,
        2,
        1,
        0,
        3,
        3,
        0,
        4,
        3,
        4,
        5,
        5,
        4,
        6,
        5,
        6,
        7,
        5,
        7,
        8,
        8,
        7,
        9,
        9,
        7,
        10,
        9,
        10,
        11,
        11,
        10,
        12,
        12,
        10,
        13,
        12,
        13,
        14,
        14,
        13,
        15,
        14,
        15,
        16,
        16,
        15,
        17,
        17,
        15,
        18,
        17,
        18,
        19,
        19,
        18,
        20,
        20,
        18,
        21,
        20,
        21,
        22,
        22,
        21,
        23,
        23,
        21,
        24,
        23,
        24,
        25,
        25,
        24,
        26,
        25,
        26,
        27,
        25,
        27,
        28,
        28,
        27,
        29,
        28,
        29,
        30,
        28,
        30,
        31,
        31,
        30,
        32,
        31,
        32,
        33,
        33,
        32,
        34,
        33,
        34,
        35,
        33,
        35,
        36,
        36,
        35,
        37,
        36,
        37,
        38,
        36,
        38,
        39,
        39,
        38,
        40,
        39,
        40,
        41,
        39,
        41,
        42,
        42,
        41,
        43,
        22,
        44,
        20,
        45,
        46,
        47,
        46,
        45,
        48,
        46,
        48,
        49,
        49,
        48,
        50,
        49,
        50,
        51,
        51,
        50,
        52,
        51,
        52,
        53,
        53,
        52,
        54,
        53,
        54,
        55,
        55,
        54,
        56,
        55,
        56,
        57,
        57,
        56,
        58,
        57,
        58,
        59,
        59,
        58,
        60,
        59,
        60,
        61,
        61,
        60,
        2,
        61,
        2,
        62,
        62,
        2,
        63,
        63,
        2,
        1,
        63,
        1,
        64
      ]
    }
  ],
  "bounds": [0, -0.109375, 220, 201.109375]
}
