{
  "contours": [
    {
      "fill": {
        "kind": 0,
        "color": 4278190080
      },
      "vertices": [
        37,
        54,
        35,
        134,
        35,
        104,
        35.171875,
        156,
        35.6875,
        157,
        36.296875,
        158,
        37,
        159,
        38.203125,
        46.34375,
        37.359375,
        160.921875,
        37.75,
        160.75,
        38.109375,
        160.671875,
        38.4375,
        160.6875,
        39.8125,
        39.375,
        38.734375,
        160.796875,
        39,
        161,
        39,
        163,
        114.0625,
        9,
        110,
        166,
        107.140625,
        3.875,
        126,
        124,
        120.015625,
        16.375,
        125,
        26,
        127.109375,
        31.4375,
        127.875,
        119.59375,
        128.9375,
        37.25,
        129.5,
        114.875,
        130.484375,
        43.4375,
        130.875,
        109.84375,
        131.75,
        50,
        132,
        104.5,
        132.734375,
        56.9375,
        132.875,
        98.84375,
        133.4375,
        64.25,
        133.5,
        92.875,
        133.859375,
        71.9375,
        133.875,
        86.59375,
        134,
        80,
        0.140625,
        166.078125,
        0.3125,
        170.359375,
        0,
        168,
        0.5625,
        164.3125,
        1.25,
        172.4375,
        1.265625,
        162.703125,
        2.8125,
        174.234375,
        2.25,
        161.25,
        3.515625,
        159.953125,
        5,
        175.75,
        5.0625,
        158.8125,
        7.8125,
        176.984375,
        6.890625,
        157.828125,
        9,
        157,
        11.25,
        177.9375,
        33,
        162,
        15.3125,
        178.609375,
        20,
        179,
        81,
        192,
        36,
        163,
        36,
        162,
        41.828125,
        33.09375,
        44.25,
        27.5,
        47.078125,
        22.59375,
        50.3125,
        18.375,
        53.953125,
        14.84375,
        58,
        12,
        69.765625,
        5.875,
        80.5625,
        2,
        90.390625,
        0.375,
        102,
        193,
        99.25,
        1,
        145,
        184,
        155,
        166,
        157,
        171,
        33,
        161,
        36.484375,
        161.546875,
        36.9375,
        161.1875,
        34.046875,
        152,
        34,
        151,
        34.1875,
        153,
        34.421875,
        154,
        34.75,
        155
      ],
      "indices": [
        0,
        1,
        2,
        1,
        0,
        3,
        3,
        0,
        4,
        4,
        0,
        5,
        5,
        0,
        6,
        6,
        0,
        7,
        6,
        7,
        8,
        8,
        7,
        9,
        9,
        7,
        10,
        10,
        7,
        11,
        11,
        7,
        12,
        11,
        12,
        13,
        13,
        12,
        14,
        14,
        12,
        15,
        16,
        17,
        18,
        17,
        16,
        19,
        19,
        16,
        20,
        19,
        20,
        21,
        19,
        21,
        22,
        19,
        22,
        23,
        23,
        22,
        24,
        23,
        24,
        25,
        25,
        24,
        26,
        25,
        26,
        27,
        27,
        26,
        28,
        27,
        28,
        29,
        29,
        28,
        30,
        29,
        30,
        31,
        31,
        30,
        32,
        31,
        32,
        33,
        33,
        32,
        34,
        33,
        34,
        35,
        35,
        34,
        36,
        37,
        38,
        39,
        38,
        37,
        40,
        38,
        40,
        41,
        41,
        40,
        42,
        41,
        42,
        43,
        43,
        42,
        44,
        43,
        44,
        45,
        43,
        45,
        46,
        46,
        45,
        47,
        46,
        47,
        48,
        48,
        47,
        49,
        48,
        49,
        50,
        48,
        50,
        51,
        51,
        50,
        52,
        51,
        52,
        53,
        53,
        52,
        54,
        54,
        52,
        55,
        55,
        52,
        56,
        56,
        52,
        57,
        55,
        56,
        15,
        55,
        15,
        12,
        55,
        12,
        58,
        55,
        58,
        59,
        55,
        59,
        60,
        55,
        60,
        61,
        55,
        61,
        62,
        55,
        62,
        63,
        55,
        63,
        64,
        55,
        64,
        65,
        55,
        65,
        66,
        55,
        66,
        67,
        67,
        66,
        68,
        67,
        68,
        18,
        67,
        18,
        17,
        67,
        17,
        69,
        69,
        17,
        70,
        69,
        70,
        71,
        6,
        52,
        72,
        52,
        6,
        57,
        57,
        6,
        73,
        73,
        6,
        74,
        74,
        6,
        8,
        1,
        75,
        76,
        75,
        1,
        77,
        77,
        1,
        78,
        78,
        1,
        79,
        79,
        1,
        3
      ]
    }
  ],
  "bounds": [0, 0, 157, 193]
}
