{
  "contours": [
    {
      "fill": {
        "kind": 0,
        "color": 4278190080
      },
      "vertices": [
        8.578125,
        0.328125,
        0,
        27,
        0,
        0,
        6,
        59,
        17,
        61,
        17.8125,
        1.3125,
        100,
        32,
        27.703125,
        2.953125,
        38.25,
        5.25,
        49.453125,
        8.203125,
        61.3125,
        11.8125,
        73.828125,
        16.078125,
        87,
        21,
        162,
        2,
        119,
        48,
        140,
        74,
        151,
        74,
        154.140625,
        67.484375,
        154,
        70,
        154.5625,
        64.4375,
        155.265625,
        60.859375,
        156.25,
        56.75,
        157.515625,
        52.109375,
        159.0625,
        46.9375,
        160.890625,
        41.234375,
        163,
        35,
        170,
        4,
        173,
        8,
        171,
        4
      ],
      "indices": [
        0,
        1,
        2,
        1,
        0,
        3,
        3,
        0,
        4,
        4,
        0,
        5,
        4,
        5,
        6,
        6,
        5,
        7,
        6,
        7,
        8,
        6,
        8,
        9,
        6,
        9,
        10,
        6,
        10,
        11,
        6,
        11,
        12,
        6,
        12,
        13,
        6,
        13,
        14,
        14,
        13,
        15,
        15,
        13,
        16,
        16,
        13,
        17,
        16,
        17,
        18,
        17,
        13,
        19,
        19,
        13,
        20,
        20,
        13,
        21,
        21,
        13,
        22,
        22,
        13,
        23,
        23,
        13,
        24,
        24,
        13,
        25,
        25,
        13,
        26,
        25,
        26,
        27,
        27,
        26,
        28
      ]
    }
  ],
  "bounds": [0, 0, 173, 74]
}
