{
  "contours": [
    {
      "fill": {
        "kind": 0,
        "color": 4278190080
      },
      "vertices": [
        2,
        0,
        1.46875,
        5.09375,
        0,
        1,
        3.375,
        9.375,
        82,
        72,
        5.71875,
        13.84375,
        8.5,
        18.5,
        11.71875,
        23.34375,
        15.375,
        28.375,
        19.46875,
        33.59375,
        24,
        39,
        53,
        75,
        102,
        150,
        138,
        130,
        101,
        157
      ],
      "indices": [
        0,
        1,
        2,
        1,
        0,
        3,
        3,
        0,
        4,
        3,
        4,
        5,
        5,
        4,
        6,
        6,
        4,
        7,
        7,
        4,
        8,
        8,
        4,
        9,
        9,
        4,
        10,
        10,
        4,
        11,
        11,
        4,
        12,
        12,
        4,
        13,
        13,
        14,
        12
      ]
    }
  ],
  "bounds": [0, 0, 138, 157]
}
