{
  "contours": [
    {
      "fill": {
        "kind": 0,
        "color": 4278190080
      },
      "vertices": [
        171,
        46,
        167,
        100,
        170,
        42,
        166.796875,
        18.375,
        165,
        89,
        161.1875,
        13.5,
        166,
        62,
        167,
        58,
        172,
        24,
        56,
        43.640625,
        43,
        58,
        43,
        57,
        52,
        112,
        140,
        149,
        68,
        32.0625,
        79,
        22.265625,
        89,
        14.25,
        98,
        8.015625,
        106,
        3.5625,
        113,
        0.890625,
        119,
        0,
        127.046875,
        0.375,
        134.6875,
        1.5,
        141.921875,
        3.375,
        183,
        149,
        148.75,
        6,
        155.171875,
        9.375,
        172.859375,
        103.828125,
        177.9375,
        107.8125,
        182.234375,
        111.953125,
        185.75,
        116.25,
        189,
        148,
        188.484375,
        120.703125,
        190.4375,
        125.3125,
        192,
        135,
        191.609375,
        130.078125,
        0.109375,
        65.234375,
        0.8125,
        71.09375,
        0,
        66,
        0.4375,
        64.4375,
        0.984375,
        63.609375,
        3.25,
        76.375,
        1.75,
        62.75,
        2.734375,
        61.859375,
        3.9375,
        60.9375,
        7.3125,
        81.84375,
        5.359375,
        59.984375,
        7,
        59,
        39,
        56,
        13,
        87.5,
        20.3125,
        93.34375,
        29.25,
        99.375,
        39.8125,
        105.59375
      ],
      "indices": [
        0,
        1,
        2,
        3,
        4,
        5,
        4,
        3,
        6,
        6,
        3,
        7,
        7,
        3,
        8,
        7,
        8,
        2,
        7,
        2,
        1,
        9,
        10,
        11,
        10,
        9,
        12,
        12,
        9,
        13,
        13,
        9,
        14,
        13,
        14,
        15,
        13,
        15,
        16,
        13,
        16,
        17,
        13,
        17,
        18,
        13,
        18,
        19,
        13,
        19,
        20,
        13,
        20,
        21,
        13,
        21,
        22,
        13,
        22,
        23,
        13,
        23,
        1,
        13,
        1,
        24,
        1,
        23,
        25,
        1,
        25,
        4,
        4,
        25,
        26,
        4,
        26,
        5,
        1,
        4,
        7,
        24,
        1,
        27,
        24,
        27,
        28,
        24,
        28,
        29,
        24,
        29,
        30,
        24,
        30,
        31,
        31,
        30,
        32,
        31,
        32,
        33,
        31,
        33,
        34,
        34,
        33,
        35,
        36,
        37,
        38,
        37,
        36,
        39,
        37,
        39,
        40,
        37,
        40,
        41,
        41,
        40,
        42,
        41,
        42,
        43,
        41,
        43,
        44,
        41,
        44,
        45,
        45,
        44,
        46,
        45,
        46,
        47,
        45,
        47,
        48,
        45,
        48,
        49,
        49,
        48,
        50,
        50,
        48,
        51,
        51,
        48,
        52,
        52,
        48,
        10,
        52,
        10,
        12
      ]
    }
  ],
  "bounds": [0, 0, 192, 149]
}
