{
  "contours": [
    {
      "fill": {
        "kind": 0,
        "color": 4278190080
      },
      "vertices": [
        3,
        26,
        0.328125,
        83.0625,
        0,
        64,
        1.3125,
        102.25,
        2.953125,
        121.5625,
        5.25,
        141,
        5,
        17,
        5,
        15,
        4,
        16,
        5.78125,
        11.703125,
        8.203125,
        160.5625,
        6.625,
        8.8125,
        7.53125,
        6.328125,
        8.5,
        4.25,
        11.8125,
        180.25,
        9.53125,
        2.578125,
        10.625,
        1.3125,
        11.78125,
        0.453125,
        12,
        19,
        13,
        0,
        14,
        20,
        16,
        11,
        16.078125,
        200.0625,
        13.78125,
        40.078125,
        16.625,
        61.8125,
        21,
        220,
        20.53125,
        84.203125,
        25.5,
        107.25,
        24.796875,
        232.8125,
        28.6875,
        244.75,
        31.53125,
        130.953125,
        32.671875,
        255.8125,
        38.625,
        155.3125,
        36.75,
        266,
        40.921875,
        275.3125,
        46.78125,
        180.328125,
        45.1875,
        283.75,
        49.546875,
        291.3125,
        56,
        206,
        54,
        298,
        85,
        343,
        64.078125,
        227.5,
        72.3125,
        248,
        80.703125,
        267.5,
        89.25,
        286,
        90.046875,
        350.0625,
        97.953125,
        303.5,
        94.6875,
        356.25,
        98.921875,
        361.5625,
        106.8125,
        320,
        102.75,
        366,
        106.171875,
        369.5625,
        109.1875,
        372.25,
        115.828125,
        335.5,
        111.796875,
        374.0625,
        114,
        375,
        114,
        380,
        118,
        375,
        125,
        350,
        119,
        373,
        121,
        370,
        122,
        367,
        129,
        357,
        131,
        346,
        132,
        349,
        132,
        348,
        285,
        16,
        284,
        17,
        284,
        15,
        276,
        0,
        275,
        20,
        273,
        11,
        277,
        19,
        277.1875,
        180.25,
        280.796875,
        160.5625,
        283.75,
        141,
        286.046875,
        121.5625,
        286,
        26,
        289,
        64,
        287.6875,
        102.25,
        288.671875,
        83.0625,
        182.1875,
        320,
        175,
        375,
        173.171875,
        335.5,
        204,
        343,
        191.046875,
        303.5,
        199.75,
        286,
        208.296875,
        267.5,
        235,
        298,
        216.6875,
        248,
        224.921875,
        227.5,
        233,
        206,
        242.21875,
        180.328125,
        239.453125,
        291.3125,
        243.8125,
        283.75,
        250.375,
        155.3125,
        248.078125,
        275.3125,
        252.25,
        266,
        257.46875,
        130.953125,
        256.328125,
        255.8125,
        260.3125,
        244.75,
        263.5,
        107.25,
        264.203125,
        232.8125,
        268.46875,
        84.203125,
        268,
        220,
        272.921875,
        200.0625,
        272.375,
        61.8125,
        275.21875,
        40.078125,
        158,
        346,
        157,
        349,
        157,
        348,
        160,
        357,
        164,
        350,
        167,
        367,
        168,
        370,
        170,
        373,
        171,
        375,
        175,
        380,
        167,
        373,
        167,
        371,
        122,
        373,
        122,
        371
      ],
      "indices": [
        0,
        1,
        2,
        1,
        0,
        3,
        3,
        0,
        4,
        4,
        0,
        5,
        5,
        0,
        6,
        7,
        6,
        8,
        6,
        7,
        9,
        6,
        9,
        5,
        5,
        9,
        10,
        10,
        9,
        11,
        10,
        11,
        12,
        10,
        12,
        13,
        10,
        13,
        14,
        14,
        13,
        15,
        14,
        15,
        16,
        14,
        16,
        17,
        14,
        17,
        18,
        18,
        17,
        19,
        18,
        19,
        20,
        20,
        19,
        21,
        18,
        22,
        14,
        22,
        18,
        23,
        22,
        23,
        24,
        22,
        24,
        25,
        25,
        24,
        26,
        25,
        26,
        27,
        25,
        27,
        28,
        28,
        27,
        29,
        29,
        27,
        30,
        29,
        30,
        31,
        31,
        30,
        32,
        31,
        32,
        33,
        33,
        32,
        34,
        34,
        32,
        35,
        34,
        35,
        36,
        36,
        35,
        37,
        37,
        35,
        38,
        37,
        38,
        39,
        39,
        38,
        40,
        40,
        38,
        41,
        40,
        41,
        42,
        40,
        42,
        43,
        40,
        43,
        44,
        40,
        44,
        45,
        45,
        44,
        46,
        45,
        46,
        47,
        47,
        46,
        48,
        48,
        46,
        49,
        48,
        49,
        50,
        50,
        49,
        51,
        51,
        49,
        52,
        52,
        49,
        53,
        52,
        53,
        54,
        54,
        53,
        55,
        55,
        53,
        56,
        56,
        53,
        57,
        57,
        53,
        58,
        57,
        58,
        59,
        59,
        58,
        60,
        60,
        58,
        61,
        61,
        58,
        62,
        62,
        58,
        63,
        62,
        63,
        64,
        64,
        63,
        65,
        66,
        67,
        68,
        69,
        70,
        71,
        70,
        69,
        72,
        72,
        69,
        68,
        72,
        68,
        73,
        73,
        68,
        74,
        74,
        68,
        75,
        75,
        68,
        67,
        75,
        67,
        76,
        76,
        67,
        77,
        76,
        77,
        78,
        76,
        78,
        79,
        79,
        78,
        80,
        81,
        82,
        83,
        82,
        81,
        84,
        84,
        81,
        85,
        84,
        85,
        86,
        84,
        86,
        87,
        84,
        87,
        88,
        88,
        87,
        89,
        88,
        89,
        90,
        88,
        90,
        91,
        88,
        91,
        92,
        88,
        92,
        93,
        93,
        92,
        94,
        94,
        92,
        95,
        94,
        95,
        96,
        96,
        95,
        97,
        97,
        95,
        98,
        97,
        98,
        99,
        99,
        98,
        100,
        100,
        98,
        101,
        100,
        101,
        102,
        102,
        101,
        103,
        102,
        103,
        104,
        104,
        103,
        105,
        105,
        103,
        106,
        105,
        106,
        107,
        105,
        107,
        73,
        73,
        107,
        72,
        108,
        109,
        110,
        109,
        108,
        111,
        111,
        108,
        112,
        111,
        112,
        113,
        113,
        112,
        83,
        113,
        83,
        114,
        114,
        83,
        115,
        115,
        83,
        116,
        116,
        83,
        117,
        117,
        83,
        82,
