{
  "contours": [
    {
      "fill": {
        "kind": 0,
        "color": 4278190080
      },
      "vertices": [
        0.125,
        279.234375,
        0.078125,
        285.140625,
        0,
        282,
        0.3125,
        288.0625,
        0.5,
        276.4375,
        0.703125,
        290.765625,
        1.125,
        273.609375,
        1.25,
        293.25,
        2,
        270.75,
        1.953125,
        295.515625,
        2.8125,
        297.5625,
        3.125,
        267.859375,
        3.828125,
        299.390625,
        4.5,
        264.9375,
        5,
        301,
        6.125,
        261.984375,
        8.15625,
        304.140625,
        8,
        259,
        11.5,
        254.546875,
        12.125,
        307.0625,
        15.5,
        250.6875,
        16.90625,
        309.765625,
        20,
        247.421875,
        22.5,
        312.25,
        25,
        244.75,
        28.90625,
        314.515625,
        30.5,
        242.671875,
        36.125,
        316.5625,
        36.5,
        241.1875,
        44.15625,
        318.390625,
        43,
        240.296875,
        50,
        240,
        53,
        320,
        55.34375,
        240.125,
        69,
        320,
        60.375,
        240.5,
        65.09375,
        241.125,
        69.5,
        242,
        98,
        307,
        73.59375,
        243.125,
        77.375,
        244.5,
        80.84375,
        246.125,
        84,
        248,
        96,
        255,
        111,
        254,
        102.3125,
        305.296875,
        107.25,
        303.6875,
        112.8125,
        302.171875,
        122,
        252,
        119,
        300.75,
        125.8125,
        299.421875,
        209,
        255,
        216.4375,
        314.3125,
        207.359375,
        310.078125,
        209.375,
        257.109375,
        210.5,
        258.9375,
        212.375,
        260.484375,
        215,
        261.75,
        218.375,
        262.734375,
        225.984375,
        318.953125,
        222.5,
        263.4375,
        227.375,
        263.859375,
        236,
        324,
        233,
        264,
        246,
        262,
        306,
        349,
        269,
        253,
        288,
        241,
        315,
        243,
        328,
        351,
        321.34375,
        244.515625,
        327.375,
        246.5625,
        333.09375,
        249.140625,
        330,
        349,
        339.140625,
        346.078125,
        338.5,
        252.25,
        343.59375,
        255.890625,
        347.0625,
        342.3125,
        348.375,
        260.0625,
        353.765625,
        337.703125,
        352.84375,
        264.765625,
        357,
        270,
        359.25,
        332.25,
        359.8125,
        274.21875,
        363.515625,
        325.953125,
        362.25,
        278.375,
        364.3125,
        282.46875,
        366.5625,
        318.8125,
        366,
        286.5,
        367.3125,
        290.46875,
        368.390625,
        310.828125,
        368.25,
        294.375,
        368.8125,
        298.21875,
        369,
        302,
        66,
        0,
        64.484375,
        25.546875,
        64,
        19,
        65.9375,
        34.1875,
        68.359375,
        44.921875,
        152,
        16,
        71.75,
        57.75,
        76.109375,
        72.671875,
        81.4375,
        89.6875,
        87.734375,
        108.796875,
        95,
        130,
        122,
        244,
        133.25,
        298.1875,
        141.3125,
        297.046875,
        150,
        295,
        169,
        295,
        268,
        24,
        175.734375,
        297.203125,
        182.9375,
        299.8125,
        190.609375,
        302.828125,
        221,
        202,
        198.75,
        306.25,
        238,
        142,
        257,
        81,
        270,
        29,
        150,
        296
      ],
      "indices": [
        0,
        1,
        2,
        1,
        0,
        3,
        3,
        0,
        4,
        3,
        4,
        5,
        5,
        4,
        6,
        5,
        6,
        7,
        7,
        6,
        8,
        7,
        8,
        9,
        9,
        8,
        10,
        10,
        8,
        11,
        10,
        11,
        12,
        12,
        11,
        13,
        12,
        13,
        14,
        14,
        13,
        15,
        14,
        15,
        16,
        16,
        15,
        17,
        16,
        17,
        18,
        16,
        18,
        19,
        19,
        18,
        20,
        19,
        20,
        21,
        21,
        20,
        22,
        21,
        22,
        23,
        23,
        22,
        24,
        23,
        24,
        25,
        25,
        24,
        26,
        25,
        26,
        27,
        27,
        26,
        28,
        27,
        28,
        29,
        29,
        28,
        30,
        29,
        30,
        31,
        29,
        31,
        32,
        32,
        31,
        33,
        32,
        33,
        34,
        34,
        33,
        35,
        34,
        35,
        36,
        34,
        36,
        37,
        34,
        37,
        38,
        38,
        37,
        39,
        38,
        39,
        40,
        38,
        40,
        41,
        38,
        41,
        42,
        38,
        42,
        43,
        38,
        43,
        44,
        38,
        44,
        45,
        45,
        44,
        46,
        46,
        44,
        47,
        47,
        44,
        48,
        47,
        48,
        49,
        49,
        48,
        50,
        51,
        52,
        53,
        52,
        51,
        54,
        52,
        54,
        55,
        52,
        55,
        56,
        52,
        56,
        57,
        52,
        57,
        58,
        52,
        58,
        59,
        59,
        58,
        60,
        59,
        60,
        61,
        59,
        61,
        62,
        62,
        61,
        63,
        62,
        63,
        64,
        62,
        64,
        65,
        65,
        64,
        66,
        65,
        66,
        67,
        65,
        67,
        68,
        65,
        68,
        69,
        69,
        68,
        70,
        69,
        70,
        71,
        69,
        71,
        72,
        69,
        72,
        73,
        73,
        72,
        74,
        74,
        72,
        75,
        74,
        75,
        76,
        74,
        76,
        77,
        77,
        76,
        78,
        77,
        78,
        79,
        79,
        78,
        80,
        79,
        80,
        81,
        79,
        81,
        82,
        82,
        81,
        83,
        82,
        83,
        84,
        84,
        83,
        85,
        84,
        85,
        86,
        84,
        86,
        87,
        87,
        86,
        88,
        87,
        88,
        89,
        87,
        89,
        90,
        90,
        89,
        91,
        90,
        91,
        92,
        90,
        92,
        93,
        94,
        95,
        96,
        95,
        94,
        97,
        97,
        94,
        98,
        98,
        94,
        99,
        98,
        99,
        100,
        100,
        99,
        101,
        101,
        99,
        102,
        102,
        99,
        103,
        103,
        99,
        104,
        104,
        99,
        105,
        105,
        99,
        48,
        48,
        99,
        50,
        50,
        99,
        106,
        106,
        99,
        107,
        107,
        99,
        108,
        108,
        99,
        109,
        109,
        99,
        110,
        109,
        110,
        111,
        111,
        110,
        112,
        112,
        110,
        113,
        113,
        110,
