{
  "contours": [
    {
      "fill": {
        "kind": 0,
        "color": 4281532671
      },
      "vertices": [
        -47.140625,
        -239.515625,
        -61,
        -228,
        -61,
        -229,
        -42.9375,
        -233.484375,
        -34.5625,
        -251.5625,
        -24.75,
        -236.9375,
        -23.265625,
        -265.140625,
        -6.4375,
        -238.359375,
        -13.25,
        -280.25,
        -4.515625,
        -296.890625,
        12,
        -237.75,
        2.9375,
        -315.0625,
        9.109375,
        -334.765625,
        14,
        -356,
        30.5625,
        -235.109375,
        49.25,
        -230.4375,
        68.0625,
        -223.734375,
        87,
        -215,
        -61,
        -270,
        -82,
        -219,
        -116,
        -242,
        -81,
        -217,
        47,
        50,
        68,
        40,
        -210.515625,
        -224.46875,
        -157,
        -91,
        -229,
        -233,
        -192.0625,
        -217.875,
        -173.640625,
        -213.21875,
        -155.25,
        -210.5,
        -152.09375,
        -112.21875,
        -136.890625,
        -209.71875,
        -145.875,
        -131.875,
        -138.34375,
        -149.96875,
        -129.5,
        -166.5,
        -118.5625,
        -210.875,
        -119.34375,
        -181.46875,
        -107.875,
        -194.875,
        -100.265625,
        -213.96875,
        -95.09375,
        -206.71875
      ],
      "indices": [
        0,
        1,
        2,
        1,
        0,
        3,
        3,
        0,
        4,
        3,
        4,
        5,
        5,
        4,
        6,
        5,
        6,
        7,
        7,
        6,
        8,
        7,
        8,
        9,
        7,
        9,
        10,
        10,
        9,
        11,
        10,
        11,
        12,
        10,
        12,
        13,
        10,
        13,
        14,
        14,
        13,
        15,
        15,
        13,
        16,
        16,
        13,
        17,
        18,
        19,
        20,
        19,
        18,
        21,
        21,
        18,
        1,
        21,
        1,
        22,
        1,
        18,
        2,
        22,
        1,
        23,
        24,
        25,
        26,
        25,
        24,
        27,
        25,
        27,
        28,
        25,
        28,
        29,
        25,
        29,
        30,
        30,
        29,
        31,
        30,
        31,
        32,
        32,
        31,
        33,
        33,
        31,
        34,
        34,
        31,
        35,
        34,
        35,
        36,
        36,
        35,
        37,
        37,
        35,
        38,
        37,
        38,
        39,
        39,
        38,
        19,
        39,
        19,
        21
      ]
    }
  ],
  "bounds": [-229, -356, 316, 406]
}
