{
  "contours": [
    {
      "fill": {
        "kind": 0,
        "color": 4281532671
      },
      "vertices": [
        -296.265625,
        -42.203125,
        -300,
        -18,
        -304,
        -31,
        -293,
        -8,
        -287.5625,
        -51.8125,
        -267,
        2,
        -277.890625,
        -59.828125,
        -267.25,
        -66.25,
        -255.640625,
        -71.078125,
        -190,
        -2,
        -243.0625,
        -74.3125,
        -229.515625,
        -75.953125,
        -215,
        -76,
        -191.765625,
        -74.671875,
        -168.5625,
        -74.1875,
        -181,
        49,
        -169,
        48,
        -189,
        70,
        -187,
        89,
        -192,
        78,
        -177,
        95,
        -160,
        95,
        -145.390625,
        -74.546875,
        -154.328125,
        94.234375,
        -148.8125,
        92.9375,
        -143.453125,
        91.109375,
        -122.25,
        -75.75,
        -138.25,
        88.75,
        -133.203125,
        85.859375,
        -128.3125,
        82.4375,
        -123.578125,
        78.484375,
        -119,
        74,
        -99.140625,
        -77.796875,
        -111,
        132,
        -102.84375,
        124.28125,
        -94.375,
        117.125,
        -76.0625,
        -80.6875,
        -85.59375,
        110.53125,
        -76.5,
        104.5,
        -67.09375,
        99.03125,
        -53.015625,
        -84.421875,
        -57.375,
        94.125,
        -47.34375,
        89.78125,
        -30,
        -89,
        -37,
        86,
        68,
        50,
        14,
        -99,
        20,
        -91,
        58,
        13,
        -129,
        133,
        -138,
        118,
        -201,
        6,
        -204,
        15,
        -204,
        11,
        -200,
        29,
        -195,
        41
      ],
      "indices": [
        0,
        1,
        2,
        1,
        0,
        3,
        3,
        0,
        4,
        3,
        4,
        5,
        5,
        4,
        6,
        5,
        6,
        7,
        5,
        7,
        8,
        5,
        8,
        9,
        9,
        8,
        10,
        9,
        10,
        11,
        9,
        11,
        12,
        9,
        12,
        13,
        9,
        13,
        14,
        9,
        14,
        15,
        15,
        14,
        16,
        17,
        18,
        19,
        18,
        17,
        16,
        18,
        16,
        20,
        20,
        16,
        21,
        21,
        16,
        14,
        21,
        14,
        22,
        21,
        22,
        23,
        23,
        22,
        24,
        24,
        22,
        25,
        25,
        22,
        26,
        25,
        26,
        27,
        27,
        26,
        28,
        28,
        26,
        29,
        29,
        26,
        30,
        30,
        26,
        31,
        31,
        26,
        32,
        31,
        32,
        33,
        33,
        32,
        34,
        34,
        32,
        35,
        35,
        32,
        36,
        35,
        36,
        37,
        37,
        36,
        38,
        38,
        36,
        39,
        39,
        36,
        40,
        39,
        40,
        41,
        41,
        40,
        42,
        42,
        40,
        43,
        42,
        43,
        44,
        44,
        43,
        45,
        45,
        43,
        46,
        45,
        46,
        47,
        45,
        47,
        48,
        31,
        49,
        50,
        49,
        31,
        33,
        51,
        52,
        53,
        52,
        51,
        54,
        54,
        51,
        9,
        54,
        9,
        55,
        55,
        9,
        15
      ]
    }
  ],
  "bounds": [-304, -99, 372, 232]
}
