{
  "contours": [
    {
      "fill": {
        "kind": 0,
        "color": 4281532671
      },
      "vertices": [
        -115.125,
        -269.921875,
        -121,
        -210,
        -126,
        -259,
        -118,
        -231,
        -94,
        -258,
        -104,
        -278.1875,
        -92.625,
        -283.796875,
        -68,
        -261,
        -81,
        -286.75,
        -69.125,
        -287.046875,
        -57,
        -284.6875,
        -42,
        -244,
        -44.625,
        -279.671875,
        -32,
        -272,
        -42,
        -232,
        -38,
        -224,
        -37,
        -222,
        -142.84375,
        -224.65625,
        -144,
        -175,
        -144,
        -219,
        -143.75,
        4.5,
        -132.4375,
        2.5,
        -141.375,
        -230.125,
        -139.59375,
        -235.40625,
        -137.5,
        -240.5,
        -135.09375,
        -245.40625,
        -132.375,
        -250.125,
        -121,
        0,
        -129.34375,
        -254.65625,
        -117,
        -182,
        -109.4375,
        -3,
        -71,
        -199,
        -97.75,
        -6.5,
        -85.9375,
        -10.5,
        -74,
        -15,
        29,
        -47,
        -64.78125,
        -201.984375,
        -59.125,
        -204.9375,
        -54.03125,
        -207.859375,
        -49.5,
        -210.75,
        -45.53125,
        -213.609375,
        -42.125,
        -216.4375,
        -39.28125,
        -219.234375,
        -27.078125,
        -267.359375,
        -22.8125,
        -262.4375,
        -19.203125,
        -257.234375,
        -10,
        -219,
        -16.25,
        -251.75,
        -13.953125,
        -245.984375,
        -11,
        -227,
        -12.3125,
        -239.9375,
        -11.328125,
        -233.609375,
        10,
        -229,
        53,
        -244,
        84.75,
        -124.75,
        88.984375,
        -108.859375,
        93.4375,
        -92.9375,
        98.109375,
        -76.984375,
        103,
        -61,
        80.734375,
        -140.609375,
        59,
        -228,
        76.9375,
        -156.4375,
        73.359375,
        -172.234375,
        70,
        -188,
        -44,
        -236,
        -192.15625,
        -137.15625,
        -197,
        -156,
        -187.625,
        -118.125,
        -183.40625,
        -98.90625,
        -179.5,
        -79.5,
        -175.90625,
        -59.90625,
        -172.625,
        -40.125,
        -169.65625,
        -20.15625,
        -167,
        0,
        -166,
        7,
        -154.9375,
        6
      ],
      "indices": [
        0,
        1,
        2,
        1,
        0,
        3,
        3,
        0,
        4,
        4,
        0,
        5,
        4,
        5,
        6,
        4,
        6,
        7,
        7,
        6,
        8,
        7,
        8,
        9,
        7,
        9,
        10,
        7,
        10,
        11,
        11,
        10,
        12,
        11,
        12,
        13,
        11,
        13,
        14,
        14,
        13,
        15,
        15,
        13,
        16,
        17,
        18,
        19,
        18,
        17,
        20,
        20,
        17,
        21,
        21,
        17,
        22,
        21,
        22,
        23,
        21,
        23,
        24,
        21,
        24,
        25,
        21,
        25,
        26,
        21,
        26,
        27,
        27,
        26,
        28,
        27,
        28,
        2,
        27,
        2,
        1,
        27,
        1,
        29,
        27,
        29,
        30,
        30,
        29,
        31,
        30,
        31,
        32,
        32,
        31,
        33,
        33,
        31,
        34,
        34,
        31,
        35,
        35,
        31,
        36,
        35,
        36,
        37,
        35,
        37,
        38,
        35,
        38,
        39,
        35,
        39,
        40,
        35,
        40,
        41,
        35,
        41,
        42,
        35,
        42,
        16,
        35,
        16,
        13,
        35,
        13,
        43,
        35,
        43,
        44,
        35,
        44,
        45,
        35,
        45,
        46,
        46,
        45,
        47,
        46,
        47,
        48,
        46,
        48,
        49,
        49,
        48,
        50,
        49,
        50,
        51,
        35,
        46,
        52,
        35,
        52,
        53,
        35,
        53,
        54,
        35,
        54,
        55,
        35,
        55,
        56,
        35,
        56,
        57,
        35,
        57,
        58,
        54,
        53,
        59,
        59,
        53,
        60,
        59,
        60,
        61,
        61,
        60,
        62,
        62,
        60,
        63,
        14,
        64,
        11,
        18,
        65,
        66,
        65,
        18,
        67,
        67,
        18,
        68,
        68,
        18,
        69,
        69,
        18,
        70,
        70,
        18,
        71,
        71,
        18,
        72,
        72,
        18,
        73,
        73,
        18,
        74,
        74,
        18,
        75,
        75,
        18,
        20
      ]
    }
  ],
  "bounds": [-197, -287.046875, 300, 294.046875]
}
