{
  "contours": [
    {
      "fill": {
        "kind": 0,
        "color": 4281532671
      },
      "vertices": [
        11,
        -287,
        -145.078125,
        -131.875,
        -176,
        -197,
        -114.8125,
        -77,
        -85.203125,
        -32.375,
        -56.25,
        2,
        -27.953125,
        26.125,
        -0.3125,
        40,
        26.671875,
        43.625,
        42.71875,
        -223.53125,
        53,
        37,
        66.875,
        -166.625,
        74.21875,
        19.46875,
        83.46875,
        -116.28125,
        87.875,
        -4.625,
        92.5,
        -72.5,
        93.96875,
        -35.28125
      ],
      "indices": [
        0,
        1,
        2,
        1,
        0,
        3,
        3,
        0,
        4,
        4,
        0,
        5,
        5,
        0,
        6,
        6,
        0,
        7,
        7,
        0,
        8,
        8,
        0,
        9,
        8,
        9,
        10,
        10,
        9,
        11,
        10,
        11,
        12,
        12,
        11,
        13,
        12,
        13,
        14,
        14,
        13,
        15,
        14,
        15,
        16
      ]
    }
  ],
  "bounds": [-176, -287, 269.96875, 330.625]
}
