{
  "contours": [
    {
      "fill": {
        "kind": 0,
        "color": 4278202820
      },
      "vertices": [
        -51.15625,
        -229.21875,
        -54,
        -184,
        -54.5,
        -231.5,
        -51.203125,
        -188.046875,
        -48.8125,
        -192.1875,
        -48.125,
        -226.375,
        -46.828125,
        -196.421875,
        -45.40625,
        -222.96875,
        -45.25,
        -200.75,
        -43,
        -219,
        -44.078125,
        -205.171875,
        -43.3125,
        -209.6875,
        -42.953125,
        -214.296875,
        -58.15625,
        -233.21875,
        -59,
        -135,
        -62.125,
        -234.375,
        -55.703125,
        -133.140625,
        -52.3125,
        -131.5625,
        -45,
        -183,
        -48.828125,
        -130.265625,
        -45.25,
        -129.25,
        -41.578125,
        -128.515625,
        -42.03125,
        -182.40625,
        -39.125,
        -181.625,
        -37.8125,
        -128.0625,
        -36.28125,
        -180.65625,
        -33.953125,
        -127.890625,
        -33.5,
        -179.5,
        -30,
        -128,
        -30.78125,
        -178.15625,
        -28.125,
        -176.625,
        -26.03125,
        -130.40625,
        -25.53125,
        -174.90625,
        -22.625,
        -133.125,
        -23,
        -173,
        -21.109375,
        -171.421875,
        -19.78125,
        -136.15625,
        -19.4375,
        -169.6875,
        -17.5,
        -139.5,
        -17.984375,
        -167.796875,
        -16.75,
        -165.75,
        -15.78125,
        -143.15625,
        -15.734375,
        -163.546875,
        -14.625,
        -147.125,
        -14.9375,
        -161.1875,
        -14.359375,
        -158.671875,
        -14.03125,
        -151.40625,
        -14,
        -156,
        -98,
        -204,
        -97,
        -171,
        -98,
        -160,
        -87,
        -227,
        -91,
        -179,
        -80,
        -180,
        -85.4375,
        -228.875,
        -83.75,
        -230.5,
        -81.9375,
        -231.875,
        -80,
        -233,
        -77.9375,
        -233.875,
        -71,
        -173,
        -75.75,
        -234.5,
        -73.4375,
        -234.875,
        -71,
        -235,
        -66.40625,
        -234.96875,
        -71,
        -161,
        -71,
        -160,
        -70,
        -118,
        -7,
        13,
        8,
        5,
        -72,
        -161,
        -86,
        -152,
        -87,
        -153,
        -85.453125,
        -100.734375,
        -83.25,
        -101.75,
        -81.203125,
        -102.984375,
        -79.3125,
        -104.4375,
        -77.578125,
        -106.109375,
        -76,
        -108,
        -149.96875,
        -182.59375,
        -149.859375,
        -175.546875,
        -150,
        -178,
        -149.375,
        -186.875,
        -149.4375,
        -173.1875,
        -148.734375,
        -170.921875,
        -148.21875,
        -190.84375,
        -147.75,
        -168.75,
        -146.5,
        -194.5,
        -146.484375,
        -166.671875,
        -144.21875,
        -197.84375,
        -144.9375,
        -164.6875,
        -143.109375,
        -162.796875,
        -141.375,
        -200.875,
        -141,
        -161,
        -137.96875,
        -203.59375,
        -138.453125,
        -159.109375,
        -135.8125,
        -157.4375,
        -134,
        -206,
        -133.078125,
        -155.984375,
        -129.296875,
        -206.046875,
        -130.25,
        -154.75,
        -127.328125,
        -153.734375,
        -124.6875,
        -205.6875,
        -124.3125,
        -152.9375,
        -120.171875,
        -204.921875,
        -121.203125,
        -152.359375,
        -118,
        -152,
        -115.75,
        -203.75,
        -110,
        -150,
        -111.421875,
        -202.171875,
        -107.1875,
        -200.1875,
        -109.5,
        -102.5,
        -105.84375,
        -100.78125,
        -103.046875,
        -197.796875,
        -101.875,
        -99.625,
        -99,
        -195,
        -97.59375,
        -99.03125,
        -89,
        -153,
        -93,
        -99,
        -90.328125,
        -99.359375,
        -87.8125,
        -99.9375,
        -120.828125,
        -119.921875,
        -118.59375,
        -111.03125,
        -121,
        -115,
        -120.3125,
        -124.6875,
        -119.453125,
        -129.296875,
        -118.25,
        -133.75,
        -115.875,
        -107.625,
        -116.703125,
        -138.046875,
        -114.8125,
        -142.1875,
        -112.84375,
        -104.78125,
        -112.578125,
        -146.171875
      ],