{
  "contours": [
    {
      "fill": {
        "kind": 0,
        "color": 4288256307
      },
      "vertices": [
        -221,
        -136,
        -229,
        -106,
        -229,
        -108,
        -228,
        -104,
        -226,
        -98,
        -224,
        -94,
        -221,
        -87,
        -201,
        -159,
        -218,
        -82,
        -217,
        -80,
        -214.109375,
        -75.140625,
        -210.9375,
        -70.5625,
        -207.484375,
        -66.265625,
        -203.75,
        -62.25,
        -199.734375,
        -58.515625,
        -184,
        -117,
        -132,
        -173,
        -189,
        -93,
        -195.4375,
        -55.0625,
        -190.859375,
        -51.890625,
        -159,
        -143,
        -164,
        -136,
        -118,
        -143,
        -109,
        -172,
        -93,
        -162,
        -186,
        -49,
        -139,
        -43,
        -155,
        -31,
        -137,
        -23,
        -113,
        -34,
        -89,
        -12,
        -92,
        -31,
        -86,
        -45,
        -85,
        24,
        5,
        -59,
        14,
        15
      ],
      "indices": [
        0,
        1,
        2,
        1,
        0,
        3,
        3,
        0,
        4,
        4,
        0,
        5,
        5,
        0,
        6,
        6,
        0,
        7,
        6,
        7,
        8,
        8,
        7,
        9,
        9,
        7,
        10,
        10,
        7,
        11,
        11,
        7,
        12,
        12,
        7,
        13,
        13,
        7,
        14,
        14,
        7,
        15,
        15,
        7,
        16,
        14,
        15,
        17,
        14,
        17,
        18,
        18,
        17,
        19,
        15,
        16,
        20,
        15,
        20,
        21,
        20,
        16,
        22,
        22,
        16,
        23,
        22,
        23,
        24,
        17,
        25,
        19,
        25,
        17,
        26,
        25,
        26,
        27,
        27,
        26,
        28,
        28,
        26,
        29,
        28,
        29,
        30,
        30,
        29,
        31,
        30,
        31,
        32,
        30,
        32,
        33,
        33,
        32,
        34,
        33,
        34,
        35
      ]
    }
  ],
  "bounds": [-229, -173, 243, 197]
}
