{
  "contours": [
    {
      "fill": {
        "kind": 0,
        "color": 4281532671
      },
      "vertices": [
        -135,
        -231,
        -141,
        -227,
        -141,
        -229,
        -140,
        -176,
        -133,
        -177,
        -134,
        -234,
        -130,
        -236,
        -126,
        -176,
        -129,
        -239,
        -123,
        -243,
        -103,
        -147,
        -127,
        -175,
        -118,
        -250,
        -114,
        -252,
        -112,
        -256,
        -102,
        -264,
        -95,
        -269,
        -98,
        -266,
        -98,
        -268,
        -1,
        -157,
        -8,
        -118,
        -9,
        -151,
        6,
        -130,
        0,
        -158,
        1,
        -161,
        4,
        -162,
        9,
        -161,
        17,
        -139,
        14,
        -152,
        17,
        -149,
        23,
        -141,
        -119,
        -111,
        -121,
        -139,
        -115,
        -119,
        -107,
        -127,
        -88,
        -130,
        -92,
        -272,
        -89,
        -269,
        -75,
        -185,
        -86,
        -128,
        -84,
        -124,
        -79,
        -121,
        -75,
        -115,
        -71,
        -185,
        -71,
        -183,
        -54,
        -96,
        -55,
        -167,
        -46,
        -158,
        -52,
        -92,
        -47,
        -89,
        -28,
        -72,
        -26,
        -136,
        -11,
        -57,
        -25,
        -136.53125,
        -24,
        -137.125,
        -23,
        -137.78125,
        -22,
        -138.5,
        -21,
        -139.28125,
        -20,
        -140.125,
        -19,
        -141.03125,
        -18,
        -142,
        3,
        -47,
        1,
        -109,
        14,
        -120,
        5,
        -43,
        9,
        -43,
        10,
        -42,
        -195,
        -177,
        -192,
        -178,
        -191,
        -175,
        -192,
        -180,
        -190,
        -182,
        -163,
        -173,
        -186,
        -184,
        -184,
        -188,
        -181,
        -191,
        -174,
        -196,
        -170,
        -202,
        -150,
        -218,
        -149,
        -221,
        -146,
        -222,
        -144,
        -226,
        -152.890625,
        -109.734375,
        -153.140625,
        -103.484375,
        -153.25,
        -106.75,
        -152.5625,
        -99.9375,
        -152.0625,
        -112.4375,
        -151.515625,
        -96.109375,
        -150.765625,
        -114.859375,
        -150,
        -92,
        -149,
        -117,
        -130,
        -64,
        -142,
        -128,
        -138,
        -132,
        -115,
        -45,
        -118,
        -106,
        -116,
        -104,
        -113,
        -103,
        -104,
        -30,
        -107,
        -97,
        -106,
        -94,
        -63,
        -39,
        -94,
        -20,
        -92.3125,
        -18.5,
        -90.25,
        -17,
        -87.8125,
        -15.5,
        -85,
        -14,
        -81.8125,
        -12.5,
        -78.25,
        -11,
        -74.3125,
        -9.5,
        -70,
        -8,
        -27,
        7,
        -40,
        -22,
        -26,
        -16,
        -2,
        6,
        -13,
        -11,
        -10.125,
        -12,
        -7.5,
        -13,
        -5.125,
        -14,
        -3,
        -15,
        -1.125,
        -16,
        14,
        -2,
        0.5,
        -17,
        1.875,
        -18,
        3,
        -19,
        7,
        -31,
        8,
        -42,
        17,
        -93,
        23,
        -127,
        22,
        -98,
        34,
        -108,
        29,
        -131,
        31,
        -133,
        34,
        -130,
        35,
        -127,
        46,
        -114,
        43,
        -121,
        49,
        -117,
        49,
        -115,
        68.25,
        -97.3125,
        66,
        -80,
        66,
        -99,
        68,
        -80,
        69,
        -83,
        70.5,
        -94.75,
        75,
        -87,
        72.75,
        -91.3125,
        57,
        -97,
        48,
        -62,
        48,
        -90,
        50,
        -66,
        66,
        -78,
        59.25,
        -98.8125,
        61.5,
        -99.75,
        63.75,
        -99.8125,
        66,
        -48,
        65,
        -47,
        63,
        -47,
        17,
        -3,
        31,
        -79,
        22,
        -28,
        26,
        -24,
        49,
        3,
        36,
        -84,
        55,
        7,
        72,
        28,
        67,
        -31,
        66,
        -46,
        68,
        -30,
        73,
        -27,
        111,
        1,
        106,
        12,
        103,
        5,
        112,
        6,
        119,
        1,
        116,
        4,
        65,
        37,
        64.4375,
        43.875,
        63,
        43,
        66.25,
        44,
        70,
        28,
        68.4375,
        43.375,
        71,
        42,
        73.9375,
        39.875,
        76,
        -22,
        77.25,
        37,
        93,
        -3,
        80.9375,
        33.375,
        85,
        29,
        102,
        16,
        101,
        3,
        106,
        14,
        23,
        -17
      ],