{
  "contours": [
    {
      "fill": {
        "kind": 0,
        "color": 4278202820
      },
      "vertices": [
        -47.125,
        -167.5,
        -48,
        -163,
        -48,
        -165,
        -13.78125,
        -281.53125,
        -19,
        -204,
        -19.5,
        -285.5,
        -14.109375,
        -211.0625,
        -9.9375,
        -218.25,
        -8.625,
        -276.625,
        -6.484375,
        -225.5625,
        -4.03125,
        -270.78125,
        -3.75,
        -233,
        0,
        -264,
        -1.734375,
        -240.5625,
        -0.4375,
        -248.25,
        0.140625,
        -256.0625,
        -25.78125,
        -288.53125,
        -27,
        -120,
        -32.625,
        -290.625,
        -21.40625,
        -116.96875,
        -15.625,
        -114.375,
        -3,
        -203,
        -9.65625,
        -112.21875,
        -3.5,
        -110.5,
        2.84375,
        -109.21875,
        1.96875,
        -201.84375,
        6.875,
        -200.375,
        9.375,
        -108.375,
        11.71875,
        -198.59375,
        16.09375,
        -107.96875,
        16.5,
        -196.5,
        23,
        -108,
        21.21875,
        -194.09375,
        25.875,
        -191.375,
        29.765625,
        -112.25,
        30.46875,
        -188.34375,
        35.5625,
        -117,
        35,
        -185,
        38.078125,
        -182.359375,
        40.390625,
        -122.25,
        40.8125,
        -179.4375,
        44.25,
        -128,
        43.203125,
        -176.234375,
        45.25,
        -172.75,
        47.140625,
        -134.25,
        46.953125,
        -168.984375,
        48.3125,
        -164.9375,
        49.0625,
        -141,
        49.328125,
        -160.609375,
        50.015625,
        -148.25,
        50,
        -156,
        -94,
        -239,
        -95.125,
        -170.359375,
        -96,
        -223,
        -95,
        -172.75,
        -94.625,
        -175.109375,
        -94,
        -177.4375,
        -93.046875,
        -243.984375,
        -93.125,
        -179.734375,
        -92,
        -182,
        -91.6875,
        -248.9375,
        -82,
        -196,
        -89.921875,
        -253.859375,
        -87.75,
        -258.75,
        -85.171875,
        -263.609375,
        -82.1875,
        -268.4375,
        -78.796875,
        -273.234375,
        -63,
        -197,
        -75,
        -278,
        -72.390625,
        -281.28125,
        -69.5625,
        -284.125,
        -66.515625,
        -286.53125,
        -63.25,
        -288.5,
        -59.765625,
        -290.03125,
        -60.578125,
        -196.15625,
        -58.3125,
        -195.125,
        -56.0625,
        -291.125,
        -56.203125,
        -193.90625,
        -54.25,
        -192.5,
        -52.140625,
        -291.78125,
        -52.453125,
        -190.90625,
        -50.8125,
        -189.125,
        -48,
        -292,
        -49.328125,
        -187.15625,
        -48,
        -185,
        -40.03125,
        -291.78125,
        -47.125,
        -182.5,
        -46.5,
        -180,
        -46.125,
        -177.5,
        -46,
        -175,
        -46,
        -91,
        62,
        133,
        88,
        120,
        -49,
        -165,
        -73,
        -149,
        -75,
        -151,
        -72.484375,
        -61.578125,
        -68.75,
        -63.25,
        -65.234375,
        -65.328125,
        -61.9375,
        -67.8125,
        -58.859375,
        -70.703125,
        -56,
        -74,
        -46.5,
        -170,
        -46.125,
        -172.5,
        -182.0625,
        -209.375,
        -183,
        -194,
        -183.015625,
        -201.96875,
        -182.765625,
        -189.828125,
        -182.0625,
        -185.8125,
        -180.140625,
        -216.21875,
        -180.890625,
        -181.953125,
        -179.25,
        -178.25,
        -177.25,
        -222.5,
        -177.140625,
        -174.703125,
        -173.390625,
        -228.21875,
        -174.5625,
        -171.3125,
        -171.515625,
        -168.078125,
        -168.5625,
        -233.375,
        -168,
        -165,
        -162.765625,
        -237.96875,
        -163.4375,
        -161.6875,
        -158.75,
        -158.75,
        -156,
        -242,
        -153.9375,
        -156.1875,
        -147.84375,
        -242.140625,
        -149,
        -154,
        -143.9375,
        -152.1875,
        -139.875,
        -241.5625,
        -138.75,
        -150.75,
        -132.09375,
        -240.265625,
        -133.4375,
        -149.6875,
        -128,
        -149,
        -124.5,
        -238.25,
        -115,
        -146,
        -117.09375,
        -235.515625,
        -109.875,
        -232.0625,
        -113.5,
        -64.75,
        -107.21875,
        -61.859375,
        -102.84375,
        -227.890625,
        -100.375,
        -59.9375,
        -92.96875,
        -58.984375,
        -95,
        -167.9375,
        -94.625,
        -165.484375,
        -94,
        -163,
        -79,
        -151,
        -85,
        -59,
        -80.609375,
        -59.453125,
        -76.4375,
        -60.3125,
        -132.71875,
        -94.375,
        -128.96875,
        -79.234375,
        -133,
        -86,
        -131.875,
        -102.5,
        -130.46875,
        -110.375,
        -128.5,
        -118,
        -124.375,
        -73.4375,
        -125.96875,
        -125.375,
        -122.875,
        -132.5,
        -119.21875,
        -68.609375,
        -119.21875,
        -139.375
      ],