{
  "contours": [
    {
      "fill": {
        "kind": 0,
        "color": 4288256307
      },
      "vertices": [
        -125,
        -270,
        -110,
        -214,
        -123,
        -119,
        -89,
        -284,
        -79,
        -229,
        -47,
        -281,
        -42,
        -222,
        -30,
        -222,
        25,
        -218,
        3,
        -178,
        45,
        -166,
        43,
        -192,
        -156.21875,
        -197.828125,
        -155.96875,
        -182.703125,
        -156.375,
        -190.3125,
        -155.5,
        -205.25,
        -155,
        -175,
        -154.21875,
        -212.578125,
        -149,
        -126,
        -152.375,
        -219.8125,
        -149.96875,
        -226.953125,
        -147,
        -234,
        -143,
        -100,
        -145,
        -237,
        -142,
        -244,
        -116,
        -39,
        -136,
        -253,
        -134,
        -258,
        -130,
        -266,
        -127,
        -269,
        -111,
        -83,
        -61,
        95,
        -152,
        -5,
        -97,
        -57,
        -77,
        -63,
        12,
        25
      ],
      "indices": [
        0,
        1,
        2,
        1,
        0,
        3,
        1,
        3,
        4,
        4,
        3,
        5,
        4,
        5,
        6,
        6,
        5,
        7,
        7,
        5,
        8,
        7,
        8,
        9,
        9,
        8,
        10,
        10,
        8,
        11,
        12,
        13,
        14,
        13,
        12,
        15,
        13,
        15,
        16,
        16,
        15,
        17,
        16,
        17,
        18,
        18,
        17,
        19,
        18,
        19,
        20,
        18,
        20,
        21,
        18,
        21,
        22,
        22,
        21,
        23,
        22,
        23,
        24,
        22,
        24,
        25,
        25,
        24,
        26,
        25,
        26,
        2,
        2,
        26,
        27,
        2,
        27,
        28,
        2,
        28,
        29,
        2,
        29,
        0,
        25,
        2,
        30,
        25,
        31,
        32,
        31,
        25,
        30,
        31,
        30,
        33,
        31,
        33,
        34,
        31,
        34,
        35
      ]
    }
  ],
  "bounds": [-156.375, -284, 201.375, 379]
}
