{
  "contours": [
    {
      "fill": {
        "kind": 0,
        "color": 4278190080
      },
      "vertices": [
        -2.765625,
        45.046875,
        3,
        117,
        -3,
        50,
        -2.0625,
        40.6875,
        -0.890625,
        36.921875,
        0.75,
        33.75,
        2.859375,
        31.171875,
        5.4375,
        29.1875,
        3,
        198,
        4,
        214,
        4,
        436,
        5,
        437,
        5,
        625,
        5,
        757,
        5,
        823,
        683,
        174,
        680,
        245,
        679.921875,
        170.59375,
        688,
        228,
        684.875,
        176.640625,
        686.5,
        179.5625,
        687.875,
        182.765625,
        689,
        186.25,
        691,
        203,
        689.875,
        190.015625,
        690.5,
        194.0625,
        690.875,
        198.390625,
        696,
        245,
        707.078125,
        606.46875,
        707,
        613,
        707.3125,
        600.375,
        707.703125,
        594.71875,
        708.25,
        589.5,
        708.953125,
        584.71875,
        766,
        254,
        709.8125,
        580.375,
        710.828125,
        576.46875,
        712,
        573,
        713.328125,
        567.5625,
        714.8125,
        562.25,
        716.453125,
        557.0625,
        718.25,
        552,
        720.203125,
        547.0625,
        722.3125,
        542.25,
        724.578125,
        537.5625,
        727,
        533,
        732.96875,
        520.796875,
        738.375,
        509.1875,
        743.21875,
        498.171875,
        747.5,
        487.75,
        751.21875,
        477.921875,
        754.375,
        468.6875,
        756.96875,
        460.046875,
        759,
        452,
        764,
        432,
        769,
        411,
        779,
        382,
        821,
        263,
        777,
        392,
        784,
        372,
        795,
        353,
        812,
        332,
        826,
        311,
        823.109375,
        265.875,
        824.9375,
        269,
        826.484375,
        272.375,
        830,
        293,
        827.75,
        276,
        828.734375,
        279.875,
        829.4375,
        284,
        829.859375,
        288.375,
        715,
        697,
        713,
        711,
        711,
        657,
        6,
        830,
        3,
        827,
        8.484375,
        27.796875,
        11,
        830,
        12,
        27,
        28,
        833,
        28.015625,
        24.828125,
        55,
        830,
        42.5625,
        23.3125,
        55.640625,
        22.453125,
        55.953125,
        828.734375,
        67.25,
        22.25,
        57.3125,
        827.4375,
        59.078125,
        826.109375,
        61.25,
        824.75,
        63.828125,
        823.359375,
        66.8125,
        821.9375,
        70.203125,
        820.484375,
        77.390625,
        22.703125,
        74,
        819,
        95,
        807,
        86.0625,
        23.8125,
        93.265625,
        25.578125,
        99,
        28,
        116,
        795,
        130,
        27,
        170,
        785,
        148.78125,
        28.90625,
        166.625,
        31.125,
        183.53125,
        33.65625,
        307,
        785,
        199.5,
        36.5,
        214.53125,
        39.65625,
        228.625,
        43.125,
        241.78125,
        46.90625,
        254,
        51,
        263.21875,
        54.21875,
        272.375,
        57.875,
        281.46875,
        61.96875,
        290.5,
        66.5,
        299.46875,
        71.46875,
        308.375,
        76.875,
        340,
        782,
        317.21875,
        82.71875,
        326,
        89,
        335.484375,
        95.75,
        344.4375,
        102,
        355,
        780,
        352.859375,
        107.75,
        360.75,
        113,
        389,
        770,
        368.109375,
        117.75,
        374.9375,
        122,
        381.234375,
        125.75,
        387,
        129,
        424,
        149,
        409,
        753,
        429,
        738,
        474,
        162,
        445,
        722,
        466,
        707,
        478,
        705,
        521,
        162,
        490,
        703,
        540,
        703,
        556,
        157,
        542,
        705,
        646,
        717,
        600,
        152,
        640,
        152,
        647.671875,
        154.09375,
        654,
        719,
        654.6875,
        156.375,
        662,
        720,
        661.046875,
        158.84375,
        666.75,
        161.5,
        691,
        722,
        671.796875,
        164.34375,
        676.1875,
        167.375,
        714,
        719,
        715,
        714,
        4,
        756,
        4,
        626,
        0.046875,
        145.765625,
        1,
        182,
        0,
        150,
        0.1875,
        141.5625,
        0.421875,
        137.390625,
        0.75,
        133.25,
        1.171875,
        129.140625,
        1.6875,
        125.0625,
        2.296875,
        121.015625
      ],