{
  "contours": [
    {
      "fill": {
        "kind": 0,
        "color": 1426063360
      },
      "vertices": [16000, -275, -262, 1000, -262, -275, 16000, 1000],
      "indices": [0, 1, 2, 1, 0, 3]
    },
    {
      "fill": {
        "kind": 0,
        "color": 4282927176
      },
      "vertices": [
        16000,
        1010,
        -262,
        1010,
        16000,
        990,
        -262,
        990,
        -262,
        1000,
        -263.9866933079506,
        1009.8006657784124,
        -265.89418342308653,
        1009.2106099400288,
        -267.64642473395037,
        1008.2533561490968,
        -269.1735609089952,
        1006.9670670934717,
        -270.414709848079,
        1005.4030230586814,
        -271.3203908596723,
        1003.6235775447667,
        -271.8544972998846,
        1001.6996714290024,
        -272,
        1000,
        -272,
        -275,
        -252,
        1000,
        -252,
        -275,
        -262,
        -275,
        -271.8006657784124,
        -276.9866933079506,
        -271.21060994002886,
        -278.89418342308653,
        -270.25335614909676,
        -280.64642473395037,
        -268.96706709347166,
        -282.1735609089952,
        -267.4030230586814,
        -283.414709848079,
        -265.62357754476676,
        -284.3203908596723,
        -263.6996714290024,
        -284.8544972998846,
        -262,
        -285,
        16000,
        -285,
        -262,
        -265,
        16000,
        -265,
        16000,
        -275,
        16001.98669330795,
        -284.8006657784124,
        16003.894183423086,
        -284.21060994002886,
        16005.64642473395,
        -283.25335614909676,
        16007.173560908996,
        -281.96706709347166,
        16008.414709848079,
        -280.4030230586814,
        16009.320390859672,
        -278.62357754476676,
        16009.854497299884,
        -276.6996714290024,
        16010,
        -275,
        16010,
        1000,
        15990,
        -275,
        15990,
        1000,
        16000,
        1000,
        16009.800665778412,
        1001.9866933079506,
        16009.210609940028,
        1003.8941834230865,
        16008.253356149096,
        1005.6464247339503,
        16006.967067093472,
        1007.1735609089952,
        16005.403023058681,
        1008.4147098480789,
        16003.623577544768,
        1009.3203908596722,
        16001.699671429002,
        1009.8544972998847
      ],
      "indices": [
        0,
        1,
        2,
        2,
        1,
        3,
        1,
        4,
        1,
        1,
        4,
        5,
        5,
        4,
        6,
        6,
        4,
        7,
        7,
        4,
        8,
        8,
        4,
        9,
        9,
        4,
        10,
        10,
        4,
        11,
        11,
        4,
        12,
        12,
        13,
        14,
        14,
        13,
        15,
        13,
        16,
        13,
        13,
        16,
        17,
        17,
        16,
        18,
        18,
        16,
        19,
        19,
        16,
        20,
        20,
        16,
        21,
        21,
        16,
        22,
        22,
        16,
        23,
        23,
        16,
        24,
        24,
        25,
        26,
        26,
        25,
        27,
        25,
        28,
        25,
        25,
        28,
        29,
        29,
        28,
        30,
        30,
        28,
        31,
        31,
        28,
        32,
        32,
        28,
        33,
        33,
        28,
        34,
        34,
        28,
        35,
        35,
        28,
        36,
        36,
        37,
        38,
        38,
        37,
        39,
        37,
        40,
        37,
        37,
        40,
        41,
        41,
        40,
        42,
        42,
        40,
        43,
        43,
        40,
        44,
        44,
        40,
        45,
        45,
        40,
        46,
        46,
        40,
        47,
        47,
        40,
        0
      ]
    }
  ],
  "bounds": [-272, -285, 16282, 1295]
}
