{
  "contours": [
    {
      "fill": {
        "kind": 0,
        "color": 4293356909
      },
      "vertices": [
        139,
        0,
        55,
        207,
        0,
        240,
        138,
        63,
        221,
        207,
        277,
        240,
        147,
        175,
        133,
        188,
        133,
        175,
        147,
        188,
        146,
        120,
        136,
        169,
        133,
        120,
        143,
        169
      ],
      "indices": [
        0,
        1,
        2,
        1,
        0,
        3,
        3,
        0,
        4,
        4,
        0,
        5,
        1,
        5,
        2,
        5,
        1,
        4,
        6,
        7,
        8,
        7,
        6,
        9,
        10,
        11,
        12,
        11,
        10,
        13
      ]
    },
    {
      "fill": {
        "kind": 0,
        "color": 4294967295
      },
      "vertices": [
        138,
        63,
        133,
        120,
        55,
        207,
        146,
        120,
        221,
        207,
        147,
        175,
        147,
        188,
        133,
        188,
        133,
        175,
        136,
        169,
        143,
        169
      ],
      "indices": [
        0,
        1,
        2,
        1,
        0,
        3,
        3,
        0,
        4,
        3,
        4,
        5,
        5,
        4,
        6,
        2,
        7,
        4,
        7,
        2,
        1,
        7,
        1,
        8,
        4,
        7,
        6,
        9,
        8,
        1,
        8,
        9,
        5,
        5,
        9,
        10,
        5,
        10,
        3
      ]
    },
    {
      "fill": {
        "kind": 0,
        "color": 4285164138
      },
      "vertices": [
        147.66906303057536,
        -4.984711242580827,
        285.66906303057533,
        235.01528875741917,
        130.33093696942464,
        4.984711242580827,
        268.33093696942467,
        244.98471124258083,
        294.2852719950593,
        250,
        277,
        240,
        277,
        250,
        0,
        250,
        277,
        230,
        0,
        230,
        -17.347764744208998,
        250,
        0,
        240,
        -8.653439883340555,
        234.98821606756528,
        130.34656011665945,
        -5.011783932434738,
        8.653439883340555,
        245.01178393243472,
        147.65343988334055,
        5.011783932434738,
        139.03126813217474,
        -20.006963239799276,
        139,
        0
      ],
      "indices": [
        0,
        1,
        2,
        2,
        1,
        3,
        1,
        4,
        5,
        5,
        4,
        6,
        6,
        7,
        8,
        8,
        7,
        9,
        7,
        10,
        11,
        11,
        10,
        12,
        12,
        13,
        14,
        14,
        13,
        15,
        13,
        16,
        17,
        17,
        16,
        0
      ]
    }
  ],
  "bounds": [
    -17.347764744208998,
    -20.006963239799276,
    311.6330367392683,
    270.0069632397993
  ]
}
