{
  "contours": [
    {
      "fill": {
        "kind": 0,
        "color": 4288256409
      },
      "vertices": [
        530,
        457,
        670,
        502,
        494,
        502,
        630,
        453,
        644,
        356,
        660,
        303,
        565,
        323,
        587,
        386,
        558,
        374,
        575,
        298,
        600,
        337,
        705,
        222,
        686,
        391,
        715,
        451,
        728,
        364,
        760,
        218,
        744,
        342,
        794,
        365,
        772,
        265,
        770,
        221,
        792,
        327,
        798,
        346,
        802,
        329,
        1867,
        317,
        1864,
        327,
        1859,
        324,
        1864,
        329,
        1883,
        308,
        1890,
        342,
        1889,
        346,
        1902,
        305,
        1896,
        345,
        1896,
        454,
        1821.5625,
        404.59375,
        1819,
        409,
        1819,
        407,
        1824.25,
        402.375,
        1827.0625,
        400.34375,
        1830,
        398.5,
        1833.0625,
        396.84375,
        1836.25,
        395.375,
        1839.5625,
        394.09375,
        1843,
        393,
        1851,
        391,
        1852,
        352,
        1858,
        352,
        1868,
        308,
        1870,
        310,
        1874,
        311,
        1820.09375,
        486.5625,
        1819,
        492,
        1819,
        490,
        1937,
        492,
        1821.375,
        483.25,
        1822.84375,
        480.0625,
        1824.5,
        477,
        1826.34375,
        474.0625,
        1828.375,
        471.25,
        1830.59375,
        468.5625,
        1833,
        466,
        1835.03125,
        463.84375,
        1837.125,
        461.875,
        1839.28125,
        460.09375,
        1841.5,
        458.5,
        1843.78125,
        457.09375,
        1846.125,
        455.875,
        1848.53125,
        454.84375,
        1851,
        454,
        1902,
        415,
        1950,
        454,
        1956,
        445,
        1969.109375,
        342.078125,
        1969,
        346,
        1969,
        345,
        1969,
        435,
        1983.75,
        317.5,
        1982,
        370,
        1981.3125,
        319.125,
        2001,
        375,
        1986.3125,
        316.125,
        1989,
        315,
        1991.8125,
        314.125,
        1994.75,
        313.5,
        1997.8125,
        313.125,
        2001,
        313,
        2004.1875,
        313.125,
        2004.1875,
        374.875,
        2007.25,
        313.5,
        2007.25,
        374.5,
        2010.1875,
        314.125,
        2010.1875,
        373.875,
        2013,
        315,
        2013,
        373,
        2015.6875,
        316.125,
        2015.6875,
        371.875,
        2018.25,
        317.5,
        2018.25,
        370.5,
        2020.6875,
        319.125,
        2020.6875,
        368.875,
        2023,
        321,
        2023,
        367,
        2024.875,
        323.78125,
        2024.875,
        364.6875,
        2026.5,
        326.625,
        2026.5,
        362.25,
        2027.875,
        329.53125,
        2027.875,
        359.6875,
        2029,
        332.5,
        2029,
        357,
        2029.875,
        335.53125,
        2029.875,
        354.1875,
        2030.5,
        338.625,
        2030.5,
        351.25,
        2030.875,
        341.78125,
        2030.875,
        348.1875,
        2031,
        345,
        2009,
        407,
        1996,
        423,
        1991,
        387,
        2071,
        416,
        2028,
        426,
        2028,
        416,
        2059,
        445,
        2062,
        445,
        2068,
        441,
        2071,
        432,
        2062,
        486,
        1963,
        451,
        1969.4375,
        339.3125,
        1969.984375,
        336.703125,
        1970.75,
        334.25,
        1971.734375,
        331.953125,
        1972.9375,
        329.8125,
        1974.359375,
        327.828125,
        1976,
        326,
        1979,
        321,
        1989,
        380,
        2011,
        407,
        2020,
        418,
        2027,
        425,
        2023,
        416,
        2027,
        416,
        2106,
        461,
        2082,
        482,
        2106,
        463,
        1916,
        415,
        1967,
        434,
        1951,
        486,
        1956,
        454,
        1956,
        473,
        840,
        378,
        804,
        329,
        856,
        345,
        850,
        368,
        731,
        477,
        757,
        423,
        760,
        562,
        770,
        439,
        818,
        587,
        740.109375,
        165.328125,
        740.109375,
        172.4375,
        740,
        169,
        740.4375,
        161.8125,
        740.4375,
        175.75,
        740.984375,
        158.453125,
        740.984375,
        178.9375,
        741.75,
        155.25,
        741.75,
        182,
        742.734375,
        152.203125,
        742.734375,
        184.9375,
        743.9375,
        149.3125,
        743.9375,
        187.75,
        745.359375,
        146.578125,
        745.359375,
        190.4375,
        747,
        144,
        747,
        193,
        751,
        139,
        751,
        198,
        754.078125,
        136.421875,
        754.078125,
        200.578125,
        757.3125,
        134.1875,
        757.3125,
        202.8125,
        760.703125,
        132.296875,
        760.703125,
        204.703125,
        764.25,
        130.75,
        764.25,
        206.25,
        767.953125,
        129.546875,
        767.953125,
        207.453125,
        771.8125,
        128.6875,
        771.8125,
        208.3125,
        775.828125,
        128.171875,
        775.828125,
        208.828125,
        780,
        128,
        780,
        209,
        784.40625,
        128.171875,
        784.40625,
        208.828125,
        788.625,
        128.6875,
        788.625,
        208.3125,
        792.65625,
        129.546875,
        792.65625,
        207.453125,
        796.5,
        130.75,
        796.5,
        206.25,
        800.15625,
        132.296875,
        800.15625,
        204.703125,
        803.625,
        134.1875,
        803.625,
        202.8125,
        806.90625,
        136.421875,
        806.90625,
        200.578125,
        810,
        139,
        810,
        198,
        812.578125,
        142.09375,
        812.578125,
        194.921875,
        814.8125,
        145.375,
        814.8125,
        191.6875,
        816.703125,
        148.84375,
        816.703125,
        188.296875,
        818.25,
        152.5,
        818.25,
        184.75,
        819.453125,
        156.34375,
        819.453125,
        181.046875,
        820.3125,
        160.375,
        820.3125,
        177.1875,
        820.828125,
        164.59375,
        820.828125,
        173.171875,
        821,
        169
      ],