{
  "contours": [
    {
      "fill": {
        "kind": 0,
        "color": 4282137660
      },
      "vertices": [188, 188, 0, 241, 0, 188, 188, 241, 30, 0, 158, 0],
      "indices": [0, 1, 2, 1, 0, 3, 4, 0, 2, 0, 4, 5]
    },
    {
      "fill": {
        "kind": 0,
        "color": 4282927176
      },
      "vertices": [
        188,
        198,
        0,
        198,
        188,
        178,
        0,
        178,
        0,
        188,
        6.123233995736766e-16,
        198,
        -1.986693307950611,
        197.80066577841242,
        -3.8941834230865036,
        197.21060994002886,
        -5.6464247339503535,
        196.2533561490968,
        -7.173560908995226,
        194.96706709347166,
        -8.414709848078965,
        193.40302305868138,
        -9.320390859672264,
        191.62357754476673,
        -9.854497299884603,
        189.6996714290024,
        -9.99573603041505,
        187.7080047769871,
        -9.738476308781953,
        185.72797905306913,
        -9.092974268256818,
        183.83853163452858,
        -8.084964038195901,
        182.11498882744655,
        -6.754631805511507,
        180.62606284458755,
        -5.155013718214646,
        179.43111246631054,
        -3.349881501559043,
        178.57777659331342,
        -1.411200080598673,
        178.10007503399555,
        0.5837414342758003,
        178.01705224205247,
        2.5554110202683162,
        178.3320180742054,
        4.4252044329485205,
        179.03241583665852,
        6.118578909427196,
        180.09032288085584,
        7.5680249530792825,
        181.46356379136387,
        8.71575772413588,
        183.097391786593,
        9.51602073889516,
        184.92667130021582,
        9.936910036334645,
        186.87847473064946,
        10,
        188,
        10,
        241,
        -10,
        188,
        -10,
        241,
        0,
        241,
        9.800665778412416,
        242.98669330795062,
        9.210609940028851,
        244.8941834230865,
        8.253356149096781,
        246.64642473395037,
        6.967067093471654,
        248.17356090899523,
        5.403023058681398,
        249.41470984807896,
        3.623577544766734,
        250.32039085967227,
        1.6996714290024082,
        250.8544972998846,
        -0.29199522301288816,
        250.99573603041506,
        -2.272020946930871,
        250.73847630878194,
        -4.161468365471424,
        250.09297426825682,
        -5.885011172553458,
        249.0849640381959,
        -7.373937155412458,
        247.7546318055115,
        -8.568887533689473,
        246.15501371821463,
        -9.422223406686584,
        244.34988150155905,
        -9.899924966004454,
        242.41120008059866,
        -9.982947757947532,
        240.4162585657242,
        -9.667981925794608,
        238.4445889797317,
        -8.96758416334147,
        236.57479556705147,
        -7.909677119144165,
        234.88142109057281,
        -6.536436208636119,
        233.4319750469207,
        -4.902608213406994,
        232.28424227586413,
        -3.0733286997841933,
        231.48397926110485,
        -1.12152526935054,
        231.06308996366536,
        0,
        231,
        188,
        231,
        0,
        251,
        188,
        251,
        188,
        241,
        189.98669330795062,
        231.19933422158758,
        191.8941834230865,
        231.78939005997114,
        193.64642473395037,
        232.7466438509032,
        195.17356090899523,
        234.03293290652834,
        196.41470984807896,
        235.59697694131862,
        197.32039085967227,
        237.37642245523327,
        197.8544972998846,
        239.30032857099758,
        197.99573603041506,
        241.2919952230129,
        197.73847630878194,
        243.27202094693087,
        197.09297426825682,
        245.16146836547142,
        196.0849640381959,
        246.88501117255345,
        194.7546318055115,
        248.37393715541245,
        193.15501371821463,
        249.56888753368946,
        191.34988150155905,
        250.42222340668658,
        189.41120008059866,
        250.89992496600445,
        187.4162585657242,
        250.98294775794753,
        185.4445889797317,
        250.6679819257946,
        183.57479556705147,
        249.96758416334148,
        181.88142109057281,
        248.90967711914416,
        180.4319750469207,
        247.53643620863613,
        179.28424227586413,
        245.902608213407,
        178.48397926110485,
        244.07332869978418,
        178.06308996366536,
        242.12152526935054,
        178,
        241,
        178,
        188,
        198,
        241,
        198,
        188,
        188,
        188,
        178.19933422158758,
        186.01330669204938,
        178.78939005997114,
        184.1058165769135,
        179.7466438509032,
        182.35357526604966,
        181.03293290652834,
        180.82643909100477,
        182.59697694131862,
        179.58529015192104,
        184.37642245523327,
        178.67960914032773,
        186.3003285709976,
        178.1455027001154,
        188.2919952230129,
        178.00426396958494,
        190.27202094693087,
        178.26152369121806,
        192.16146836547142,
        178.90702573174318,
        193.88501117255345,
        179.9150359618041,
        195.37393715541245,
        181.2453681944885,
        196.56888753368946,
        182.84498628178537,
        197.42222340668658,
        184.65011849844095,
        197.89992496600445,
        186.58879991940134,
        197.98294775794753,
        188.5837414342758,
        197.6679819257946,
        190.5554110202683,
        196.96758416334148,
        192.42520443294853,
        195.90967711914416,
        194.11857890942719,
        194.53643620863613,
        195.5680249530793,
        192.902608213407,
        196.71575772413587,
        191.07332869978418,
        197.51602073889515,
        189.12152526935054,
        197.93691003633464,
        187.12501016560552,
        197.9616460883584,
        185.16337814536774,
        197.58924274663138,
        183.31483328699625,
        196.83454655720155,
        181.65307124057367,
        195.72764487555986,
        180.2443412148975,
        194.3126663787232,
        179.1448048305868,
        192.64602179413757,
        178.39829713349633,
        190.79415498198927,
        178.12493896869879,
        189.57580761137785,
        148.12493896869879,
        1.575807611377852,
        197.87506103130121,
        186.42419238862215,
        167.87506103130121,
        -1.575807611377852,
        158,
        0,
        148.12493896869879,
        1.5758076113778505,
        148.00871808546503,
        -0.41747539362972824,
        148.29081808285045,
        -2.3941149721130723,
        148.9599925241773,
        -4.2753087417249525,
        149.98956353617197,
        -5.986059443321162,
        151.33848537158545,
        -7.458164845015089,
        152.95298077360877,
        -8.632936749938423,
        154.76868490539817,
        -9.463540709448994,
        156.7132113730049,
        -9.916863164803477,
        158.70903804247357,
        -9.974831580248624,
        160.67659760268776,
        -9.63513493799055,
        162.53744966297495,
        -8.91131587118134,
        164.21740792394976,
        -7.832230761871527,
        165.649497751162,
        -6.4408993281193165,
        166.7766262424214,
        -4.7927895635881805,
        167.55385834164122,
        -2.9536064036788496,
        167.95020825772318,
        -0.996672277098833,
        167.94987477026763,
        0.9999960279878675,
        167.55287117436706,
        2.9567976471086403,
        166.77502475057267,
        4.795721074753726,
        165.64734578116486,
        6.4434542369213785,
        164.21479126805713,
        7.834307212158642,
        162.5344726389999,
        8.912831081433177,
        160.67337889518163,
        9.636028501555893,
        158.7057059711474,
