{
  "contours": [
    {
      "fill": {
        "kind": 0,
        "color": 4288256409
      },
      "vertices": [530, 530, 0, 681, 0, 530, 530, 681],
      "indices": [0, 1, 2, 1, 0, 3]
    },
    {
      "fill": {
        "kind": 0,
        "color": 4289598741
      },
      "vertices": [85, 0, 530, 530, 0, 530, 445, 0],
      "indices": [0, 1, 2, 1, 0, 3]
    },
    {
      "fill": {
        "kind": 0,
        "color": 4287993237
      },
      "vertices": [
        530,
        540,
        0,
        540,
        530,
        520,
        0,
        520,
        0,
        530,
        6.123233995736766e-16,
        540,
        -1.986693307950611,
        539.8006657784124,
        -3.8941834230865036,
        539.2106099400288,
        -5.6464247339503535,
        538.2533561490968,
        -7.173560908995226,
        536.9670670934717,
        -8.414709848078965,
        535.4030230586814,
        -9.320390859672264,
        533.6235775447667,
        -9.854497299884603,
        531.6996714290024,
        -9.99573603041505,
        529.7080047769871,
        -9.738476308781953,
        527.7279790530691,
        -9.092974268256818,
        525.8385316345285,
        -8.084964038195901,
        524.1149888274465,
        -6.754631805511507,
        522.6260628445875,
        -5.155013718214646,
        521.4311124663105,
        -3.349881501559043,
        520.5777765933134,
        -1.411200080598673,
        520.1000750339955,
        0.5837414342758003,
        520.0170522420525,
        2.5554110202683162,
        520.3320180742054,
        4.4252044329485205,
        521.0324158366585,
        6.118578909427196,
        522.0903228808559,
        7.5680249530792825,
        523.4635637913639,
        8.71575772413588,
        525.097391786593,
        9.51602073889516,
        526.9266713002158,
        9.936910036334645,
        528.8784747306495,
        10,
        530,
        10,
        681,
        -10,
        530,
        -10,
        681,
        0,
        681,
        9.800665778412416,
        682.9866933079506,
        9.210609940028851,
        684.8941834230865,
        8.253356149096781,
        686.6464247339503,
        6.967067093471654,
        688.1735609089952,
        5.403023058681398,
        689.4147098480789,
        3.623577544766734,
        690.3203908596722,
        1.6996714290024082,
        690.8544972998847,
        -0.29199522301288816,
        690.9957360304151,
        -2.272020946930871,
        690.738476308782,
        -4.161468365471424,
        690.0929742682569,
        -5.885011172553458,
        689.084964038196,
        -7.373937155412458,
        687.7546318055115,
        -8.568887533689473,
        686.1550137182146,
        -9.422223406686584,
        684.349881501559,
        -9.899924966004454,
        682.4112000805986,
        -9.982947757947532,
        680.4162585657242,
        -9.667981925794608,
        678.4445889797316,
        -8.96758416334147,
        676.5747955670515,
        -7.909677119144165,
        674.8814210905728,
        -6.536436208636119,
        673.4319750469207,
        -4.902608213406994,
        672.2842422758641,
        -3.0733286997841933,
        671.4839792611049,
        -1.12152526935054,
        671.0630899636653,
        0,
        671,
        530,
        671,
        0,
        691,
        530,
        691,
        530,
        681,
        531.9866933079506,
        671.1993342215876,
        533.8941834230865,
        671.7893900599712,
        535.6464247339503,
        672.7466438509032,
        537.1735609089952,
        674.0329329065283,
        538.4147098480789,
        675.5969769413186,
        539.3203908596722,
        677.3764224552333,
        539.8544972998847,
        679.3003285709976,
        539.9957360304151,
        681.2919952230129,
        539.738476308782,
        683.2720209469309,
        539.0929742682569,
        685.1614683654715,
        538.084964038196,
        686.8850111725535,
        536.7546318055115,
        688.3739371554125,
        535.1550137182146,
        689.5688875336895,
        533.349881501559,
        690.4222234066866,
        531.4112000805986,
        690.8999249660045,
        529.4162585657242,
        690.9829477579475,
        527.4445889797316,
        690.6679819257946,
        525.5747955670515,
        689.9675841633415,
        523.8814210905728,
        688.9096771191441,
        522.4319750469207,
        687.5364362086361,
        521.2842422758641,
        685.902608213407,
        520.4839792611049,
        684.0733286997842,
        520.0630899636653,
        682.1215252693505,
        520,
        681,
        520,
        530,
        540,
        681,
        540,
        530,
        530,
        530,
        520.1993342215876,
        528.0133066920494,
        520.7893900599712,
        526.1058165769135,
        521.7466438509032,
        524.3535752660497,
        523.0329329065283,
        522.8264390910048,
        524.5969769413186,
        521.5852901519211,
        526.3764224552333,
        520.6796091403278,
        528.3003285709976,
        520.1455027001153,
        530.2919952230129,
        520.0042639695849,
        532.2720209469309,
        520.261523691218,
        534.1614683654715,
        520.9070257317431,
        535.8850111725535,
        521.915035961804,
        537.3739371554125,
        523.2453681944885,
        538.5688875336895,
        524.8449862817854,
        539.4222234066866,
        526.650118498441,
        539.8999249660045,
        528.5887999194014,
        539.9829477579475,
        530.5837414342758,
        539.6679819257946,
        532.5554110202684,
        538.9675841633415,
        534.4252044329485,
        537.9096771191441,
        536.1185789094272,
        536.5364362086361,
        537.5680249530793,
        534.902608213407,
        538.7157577241359,
        533.0733286997842,
        539.5160207388951,
        531.1215252693505,
        539.9369100363347,
        529.1250101656055,
        539.9616460883584,
        527.1633781453677,
        539.5892427466314,
        525.3148332869962,
        538.8345465572015,
        523.6530712405737,
        537.7276448755599,
        522.2443412148975,
        536.3126663787232,
        521.1448048305868,
        534.6460217941376,
        520.3982971334964,
        532.7941549819892,
        520.1261756239484,
        531.5835378716309,
        435.1261756239484,
        1.5835378716309156,
        539.8738243760516,
        528.4164621283691,
        454.8738243760516,
        -1.5835378716309156,
        445,
        0,
        435.1261756239484,
        1.5835378716309187,
        435.0083943243121,
        -0.4096535384468167,
        435.2889468126305,
        -2.3865133546831685,
        435.9566483465289,
        -4.2682304145466965,
        436.9848797729048,
        -5.979786596962201,
        438.3326487495604,
        -7.452947558064636,
        439.9462239805275,
        -8.628983019163094,
        441.7612773132786,
        -9.461008157618082,
        443.7054482991687,
        -9.915852756766554,
        445.70122897617694,
        -9.975383597785594,
        447.6690538667609,
        -9.637227373904206,
        449.5304720023637,
        -8.91486530665487,
        451.2112745159634,
        -7.837095692113486,
        452.6444531154218,
        -6.446885803713142,
        453.77287149263515,
        -4.799658922643352,
        454.551543167834,
        -2.961084786527359,
        454.9494249585688,
        -1.0044615442159208,
        454.9506545734315,
        0.9922064101017234,
        454.55518299155784,
        2.949318225936983,
        453.77877641693436,
        4.788850031216006,
        452.6523877295986,
        6.437465497840606,
        451.22092249198977,
        7.829439529663402,
        449.5414487058814,
        8.909278514663706,
        447.68092169123963,
        9.633932680138507,
        445.7135147889058,
