{
  "contours": [
    {
      "fill": {
        "kind": 0,
        "color": 4294967295
      },
      "vertices": [
        0.40625,
        112.234375,
        0.40625,
        137.75,
        0,
        125,
        1.625,
        99.9375,
        1.625,
        150,
        3.65625,
        88.109375,
        3.65625,
        161.75,
        6.5,
        76.75,
        6.5,
        173,
        10.15625,
        65.859375,
        10.15625,
        183.75,
        14.625,
        55.4375,
        14.625,
        194,
        19.90625,
        45.484375,
        19.90625,
        203.75,
        26,
        36,
        26,
        213,
        32.65625,
        27.5625,
        32.65625,
        221.671875,
        39.625,
        20.25,
        39.625,
        229.1875,
        46.90625,
        14.0625,
        46.90625,
        235.546875,
        54.5,
        9,
        54.5,
        240.75,
        62.40625,
        5.0625,
        62.40625,
        244.796875,
        70.625,
        2.25,
        70.625,
        247.6875,
        79.15625,
        0.5625,
        79.15625,
        249.421875,
        88,
        0,
        88,
        250,
        96.84375,
        0.5625,
        96.84375,
        249.421875,
        105.375,
        2.25,
        105.375,
        247.6875,
        113.59375,
        5.0625,
        113.59375,
        244.796875,
        121.5,
        9,
        121.5,
        240.75,
        129.09375,
        14.0625,
        129.09375,
        235.546875,
        136.375,
        20.25,
        136.375,
        229.1875,
        143.34375,
        27.5625,
        143.34375,
        221.671875,
        150,
        36,
        150,
        213,
        156.09375,
        45.484375,
        156.09375,
        203.75,
        161.375,
        55.4375,
        161.375,
        194,
        165.84375,
        65.859375,
        165.84375,
        183.75,
        169.5,
        76.75,
        169.5,
        173,
        172.34375,
        88.109375,
        172.34375,
        161.75,
        174.375,
        99.9375,
        174.375,
        150,
        175.59375,
        112.234375,
        175.59375,
        137.75,
        176,
        125
      ],
      "indices": [
        0,
        1,
        2,
        1,
        0,
        3,
        1,
        3,
        4,
        4,
        3,
        5,
        4,
        5,
        6,
        6,
        5,
        7,
        6,
        7,
        8,
        8,
        7,
        9,
        8,
        9,
        10,
        10,
        9,
        11,
        10,
        11,
        12,
        12,
        11,
        13,
        12,
        13,
        14,
        14,
        13,
        15,
        14,
        15,
        16,
        16,
        15,
        17,
        16,
        17,
        18,
        18,
        17,
        19,
        18,
        19,
        20,
        20,
        19,
        21,
        20,
        21,
        22,
        22,
        21,
        23,
        22,
        23,
        24,
        24,
        23,
        25,
        24,
        25,
        26,
        26,
        25,
        27,
        26,
        27,
        28,
        28,
        27,
        29,
        28,
        29,
        30,
        30,
        29,
        31,
        30,
        31,
        32,
        32,
        31,
        33,
        32,
        33,
        34,
        34,
        33,
        35,
        34,
        35,
        36,
        36,
        35,
        37,
        36,
        37,
        38,
        38,
        37,
        39,
        38,
        39,
        40,
        40,
        39,
        41,
        40,
        41,
        42,
        42,
        41,
        43,
        42,
        43,
        44,
        44,
        43,
        45,
        44,
        45,
        46,
        46,
        45,
        47,
        46,
        47,
        48,
        48,
        47,
        49,
        48,
        49,
        50,
        50,
        49,
        51,
        50,
        51,
        52,
        52,
        51,
        53,
        52,
        53,
        54,
        54,
        53,
        55,
        54,
        55,
        56,
        56,
        55,
        57,
        56,
        57,
        58,
        58,
        57,
        59,
        58,
        59,
        60,
        60,
        59,
        61,
        60,
        61,
        62,
        62,
        61,
        63
      ]
    }
  ],
  "bounds": [0, 0, 176, 250]
}
