{
  "contours": [
    {
      "fill": {
        "kind": 0,
        "color": 4289638062
      },
      "vertices": [
        1441,
        285,
        1316,
        266,
        1316,
        212,
        1316,
        311,
        1316,
        357,
        878,
        311,
        878,
        266
      ],
      "indices": [0, 1, 2, 1, 0, 3, 3, 0, 4, 1, 5, 6, 5, 1, 3]
    },
    {
      "fill": {
        "kind": 0,
        "color": 4288256409
      },
      "vertices": [
        629,
        436,
        725,
        467,
        604,
        467,
        698,
        433,
        707,
        367,
        718,
        330,
        653,
        344,
        668,
        387,
        648,
        379,
        660,
        327,
        677,
        354,
        749,
        275,
        736,
        391,
        756,
        432,
        765,
        372,
        787,
        272,
        776,
        357,
        810,
        373,
        795,
        304,
        794,
        274,
        809,
        347,
        813,
        360,
        816,
        348,
        842,
        382,
        817,
        348,
        853,
        359,
        849,
        375,
        767,
        450,
        785,
        413,
        787,
        508,
        794,
        424,
        827,
        525,
        773.078125,
        235.546875,
        773.078125,
        240.453125,
        773,
        238,
        773.3125,
        233.1875,
        773.3125,
        242.8125,
        773.703125,
        230.921875,
        773.703125,
        245.078125,
        774.25,
        228.75,
        774.25,
        247.25,
        774.953125,
        226.671875,
        774.953125,
        249.328125,
        775.8125,
        224.6875,
        775.8125,
        251.3125,
        776.828125,
        222.796875,
        776.828125,
        253.203125,
        778,
        221,
        778,
        255,
        781,
        218,
        781,
        258,
        783.0625,
        216.125,
        783.0625,
        259.875,
        785.25,
        214.5,
        785.25,
        261.5,
        787.5625,
        213.125,
        787.5625,
        262.875,
        790,
        212,
        790,
        264,
        792.5625,
        211.125,
        792.5625,
        264.875,
        795.25,
        210.5,
        795.25,
        265.5,
        798.0625,
        210.125,
        798.0625,
        265.875,
        801,
        210,
        801,
        266,
        803.9375,
        210.125,
        803.9375,
        265.875,
        806.75,
        210.5,
        806.75,
        265.5,
        809.4375,
        211.125,
        809.4375,
        264.875,
        812,
        212,
        812,
        264,
        814.4375,
        213.125,
        814.4375,
        262.875,
        816.75,
        214.5,
        816.75,
        261.5,
        818.9375,
        216.125,
        818.9375,
        259.875,
        821,
        218,
        821,
        258,
        822.875,
        220.0625,
        822.875,
        255.9375,
        824.5,
        222.25,
        824.5,
        253.75,
        825.875,
        224.5625,
        825.875,
        251.4375,
        827,
        227,
        827,
        249,
        827.875,
        229.5625,
        827.875,
        246.4375,
        828.5,
        232.25,
        828.5,
        243.75,
        828.875,
        235.0625,
        828.875,
        240.9375,
        829,
        238
      ],
      "indices": [
        0,
        1,
        2,
        1,
        0,
        3,
        1,
        3,
        4,
        1,
        4,
        5,
        6,
        7,
        8,
        7,
        6,
        9,
        7,
        9,
        10,
        10,
        9,
        11,
        10,
        11,
        5,
        5,
        11,
        1,
        1,
        11,
        12,
        12,
        11,
        13,
        13,
        11,
        14,
        14,
        11,
        15,
        14,
        15,
        16,
        16,
        15,
        17,
        17,
        15,
        18,
        18,
        15,
        19,
        17,
        18,
        20,
        17,
        20,
        21,
        21,
        20,
        22,
        21,
        23,
        17,
        23,
        21,
        24,
        23,
        24,
        25,
        23,
        25,
        26,
        14,
        27,
        13,
        27,
        14,
        28,
        27,
        28,
        29,
        29,
        28,
        30,
        29,
        30,
        31,
        32,
        33,
        34,
        33,
        32,
        35,
        33,
        35,
        36,
        36,
        35,
        37,
        36,
        37,
        38,
        38,
        37,
        39,
        38,
        39,
        40,
        40,
        39,
        41,
        40,
        41,
        42,
        42,
        41,
        43,
        42,
        43,
        44,
        44,
        43,
        45,
        44,
        45,
        46,
        46,
        45,
        47,
        46,
        47,
        48,
        48,
        47,
        49,
        48,
        49,
        50,
        50,
        49,
        51,
        50,
        51,
        52,
        52,
        51,
        53,
        52,
        53,
        54,
        54,
        53,
        55,
        54,
        55,
        56,
        56,
        55,
        57,
        56,
        57,
        58,
        58,
        57,
        59,
        58,
        59,
        60,
        60,
        59,
        61,
        60,
        61,
        62,
        62,
        61,
        63,
        62,
        63,
        64,
        64,
        63,
        65,
        64,
        65,
        66,
        66,
        65,
        67,
        66,
        67,
        68,
        68,
        67,
        69,
        68,
        69,
        70,
        70,
        69,
        71,
        70,
        71,
        72,
        72,
        71,
        73,
        72,
        73,
        74,
        74,
        73,
        75,
        74,
        75,
        76,
        76,
        75,
        77,
        76,
        77,
        78,
        78,
        77,
        79,
        78,
        79,
        80,
        80,
        79,
        81,
        80,
        81,
        82,
        82,
        81,
        83,
        82,
        83,
        84,
        84,
        83,
        85,
        84,
        85,
        86,
        86,
        85,
        87,
        86,
        87,
        88,
        88,
        87,
        89,
        88,
        89,
        90,
        90,
        89,
        91,
        90,
        91,
        92,
        92,
        91,
        93,
        92,
        93,
        94,
        94,
        93,
        95,
        94,
        95,
        96,
        96,
        95,
        97
      ]
    }
  ],
  "bounds": [0, 0, 1441, 525]
}
