{
  "contours": [
    {
      "fill": {
        "kind": 0,
        "color": 4291611852
      },
      "vertices": [
        279.9289321881345,
        830.0710678118654,
        169.92893218813452,
        720.0710678118654,
        294.0710678118655,
        815.9289321881346,
        184.07106781186548,
        705.9289321881346,
        177,
        713,
        169.9289321881345,
        720.0710678118654,
        168.6650784577518,
        718.5253129218685,
        167.73351174689265,
        716.7592812418098,
        167.17137068059023,
        714.8433788817382,
        167.00106604921928,
        712.8539868227701,
        167.22938736100525,
        710.870415848407,
        167.8472321657568,
        708.9717446738764,
        168.82996894083047,
        707.2336673273037,
        169.92893218813452,
        705.9289321881346,
        279.9289321881345,
        595.9289321881346,
        184.07106781186548,
        720.0710678118654,
        294.0710678118655,
        610.0710678118654,
        287,
        823,
        287,
        603,
        1837,
        723,
        177,
        723,
        1837,
        703,
        177,
        703,
        1837,
        713
      ],
      "indices": [
        0,
        1,
        2,
        2,
        1,
        3,
        1,
        4,
        5,
        5,
        4,
        6,
        6,
        4,
        7,
        7,
        4,
        8,
        8,
        4,
        9,
        9,
        4,
        10,
        10,
        4,
        11,
        11,
        4,
        12,
        12,
        4,
        13,
        13,
        14,
        15,
        15,
        14,
        16,
        0,
        17,
        0,
        14,
        18,
        14,
        19,
        20,
        21,
        21,
        20,
        22,
        19,
        23,
        19,
        20,
        4,
        20
      ]
    }
  ],
  "bounds": [0, 0, 1837, 830.0710678118654]
}
