{
  "contours": [
    {
      "fill": {
        "kind": 0,
        "color": 4289638062
      },
      "vertices": [
        1060,
        383,
        1049,
        390,
        1049,
        387,
        1056,
        469,
        1076,
        505,
        1116,
        385,
        1067,
        635,
        1040,
        531,
        1118,
        583,
        1225,
        635,
        1118,
        387,
        1181,
        583,
        1184.21875,
        584.34375,
        1187.375,
        585.875,
        1190.46875,
        587.59375,
        1193.5,
        589.5,
        1196.46875,
        591.59375,
        1199.375,
        593.875,
        1202.21875,
        596.34375,
        1205,
        599,
        1208.59375,
        602.828125,
        1211.875,
        606.8125,
        1214.84375,
        610.953125,
        1217.5,
        615.25,
        1219.84375,
        619.703125,
        1221.875,
        624.3125,
        1223.59375,
        629.078125,
        1225,
        634,
        1074,
        739,
        1039,
        687,
        1083,
        659,
        1075,
        738,
        1078.34375,
        734.15625,
        1081.375,
        730.125,
        1083,
        660,
        1084.09375,
        725.90625,
        1092,
        673,
        1086.5,
        721.5,
        1088.59375,
        716.90625,
        1090.375,
        712.125,
        1091.84375,
        707.15625,
        1093,
        702,
        1016,
        426,
        1043,
        517,
        996,
        500,
        1017,
        426,
        1021,
        411,
        1042,
        393,
        983,
        573,
        977,
        586,
        972,
        580,
        977.09375,
        593.21875,
        977.5,
        595.5,
        978.09375,
        597.71875,
        978.875,
        599.875,
        979.84375,
        601.96875,
        981,
        604,
        1038,
        687,
        987,
        568,
        992,
        565,
        996,
        501,
        1218,
        426,
        1118,
        386,
        1162,
        459,
        1209,
        479,
        1216,
        509,
        1216,
        511,
        1175,
        497,
        1219,
        525,
        1190,
        499,
        1218,
        427,
        1230,
        431,
        1220,
        531,
        1240,
        527,
        1237,
        440,
        1239,
        439,
        1240,
        438,
        1255,
        502,
        1252,
        521,
        1253.375,
        519.515625,
        1254.5,
        518.0625,
        1255.375,
        516.640625,
        1256,
        510,
        1256,
        515.25,
        1256.375,
        511.265625,
        1256.375,
        513.890625,
        1256.5,
        512.5625,
        1215,
        509,
        995.1875,
        327.34375,
        995.1875,
        336.40625,
        995,
        332,
        995.75,
        322.875,
        995.75,
        340.625,
        996.6875,
        318.59375,
        996.6875,
        344.65625,
        998,
        314.5,
        998,
        348.5,
        999.6875,
        310.59375,
        999.6875,
        352.15625,
        1001.75,
        306.875,
        1001.75,
        355.625,
        1004.1875,
        303.34375,
        1004.1875,
        358.90625,
        1007,
        300,
        1007,
        362,
        1010.328125,
        297.1875,
        1010.328125,
        365.046875,
        1013.8125,
        294.75,
        1013.8125,
        367.6875,
        1017.453125,
        292.6875,
        1017.453125,
        369.921875,
        1021.25,
        291,
        1021.25,
        371.75,
        1025.203125,
        289.6875,
        1025.203125,
        373.171875,
        1029.3125,
        288.75,
        1029.3125,
        374.1875,
        1033.578125,
        288.1875,
        1033.578125,
        374.796875,
        1038,
        288,
        1038,
        375,
        1042.640625,
        288.1875,
        1042.640625,
        374.796875,
        1047.0625,
        288.75,
        1047.0625,
        374.1875,
        1051.265625,
        289.6875,
        1051.265625,
        373.171875,
        1055.25,
        291,
        1055.25,
        371.75,
        1059.015625,
        292.6875,
        1059.015625,
        369.921875,
        1062.5625,
        294.75,
        1062.5625,
        367.6875,
        1065.890625,
        297.1875,
        1065.890625,
        365.046875,
        1069,
        300,
        1069,
        362,
        1073,
        305,
        1073,
        358,
        1075.109375,
        307.828125,
        1082,
        332,
        1076.9375,
        310.8125,
        1078.484375,
        313.953125,
        1079.75,
        317.25,
        1080.734375,
        320.703125,
        1081.4375,
        324.3125,
        1081.859375,
        328.078125,
        988,
        521,
        968,
        578,
        950,
        543,
        991,
        521,
        976.875,
        590.875,
        976.84375,
        588.46875,
        949,
        543,
        940,
        572,
        930,
        554,
        950,
        581,
        960,
        582
      ],