{
  "contours": [
    {
      "fill": {
        "kind": 3,
        "matrix": [-11.61834716796875, 0, 0, 6.98333740234375, 1348, 0],
        "characterId": 622
      },
      "vertices": [1348, 0, 0, 6983, 0, 0, 1348, 6983],
      "indices": [0, 1, 2, 1, 0, 3]
    }
  ],
  "bounds": [0, 0, 1348, 6983]
}
