{
  "contours": [
    {
      "fill": {
        "kind": 0,
        "color": 4289638062
      },
      "vertices": [
        2081,
        355,
        1956,
        336,
        1956,
        282,
        1956,
        381,
        1956,
        427,
        849,
        381,
        849,
        336
      ],
      "indices": [0, 1, 2, 1, 0, 3, 3, 0, 4, 1, 5, 6, 5, 1, 3]
    },
    {
      "fill": {
        "kind": 0,
        "color": 4288256409
      },
      "vertices": [
        529,
        436,
        625,
        467,
        504,
        467,
        598,
        433,
        607,
        367,
        618,
        330,
        553,
        344,
        568,
        387,
        548,
        379,
        560,
        327,
        577,
        354,
        649,
        275,
        636,
        391,
        656,
        432,
        665,
        372,
        687,
        272,
        676,
        357,
        710,
        373,
        695,
        304,
        694,
        274,
        709,
        347,
        713,
        360,
        716,
        348,
        742,
        382,
        717,
        348,
        753,
        359,
        749,
        375,
        667,
        450,
        685,
        413,
        687,
        508,
        694,
        424,
        727,
        525,
        673.078125,
        235.546875,
        678,
        255,
        673,
        238,
        673.3125,
        233.1875,
        673.703125,
        230.921875,
        674.25,
        228.75,
        674.953125,
        226.671875,
        675.8125,
        224.6875,
        676.828125,
        222.796875,
        678,
        221,
        681,
        218,
        681,
        258,
        683.0625,
        216.125,
        683.0625,
        259.875,
        685.25,
        214.5,
        685.25,
        261.5,
        687.5625,
        213.125,
        687.5625,
        262.875,
        690,
        212,
        690,
        264,
        692.5625,
        211.125,
        692.5625,
        264.875,
        695.25,
        210.5,
        695.25,
        265.5,
        698.0625,
        210.125,
        698.0625,
        265.875,
        701,
        210,
        701,
        266,
        703.9375,
        210.125,
        703.9375,
        265.875,
        706.75,
        210.5,
        706.75,
        265.5,
        709.4375,
        211.125,
        709.4375,
        264.875,
        712,
        212,
        712,
        264,
        714.4375,
        213.125,
        714.4375,
        262.875,
        716.75,
        214.5,
        716.75,
        261.5,
        718.9375,
        216.125,
        718.9375,
        259.875,
        721,
        218,
        721,
        258,
        722.875,
        220.0625,
        722.875,
        255.9375,
        724.5,
        222.25,
        724.5,
        253.75,
        725.875,
        224.5625,
        725.875,
        251.4375,
        727,
        227,
        727,
        249,
        727.875,
        229.5625,
        727.875,
        246.4375,
        728.5,
        232.25,
        728.5,
        243.75,
        728.875,
        235.0625,
        728.875,
        240.9375,
        729,
        238
      ],
      "indices": [
        0,
        1,
        2,
        1,
        0,
        3,
        1,
        3,
        4,
        1,
        4,
        5,
        6,
        7,
        8,
        7,
        6,
        9,
        7,
        9,
        10,
        10,
        9,
        11,
        10,
        11,
        5,
        5,
        11,
        1,
        1,
        11,
        12,
        12,
        11,
        13,
        13,
        11,
        14,
        14,
        11,
        15,
        14,
        15,
        16,
        16,
        15,
        17,
        17,
        15,
        18,
        18,
        15,
        19,
        17,
        18,
        20,
        17,
        20,
        21,
        21,
        20,
        22,
        21,
        23,
        17,
        23,
        21,
        24,
        23,
        24,
        25,
        23,
        25,
        26,
        14,
        27,
        13,
        27,
        14,
        28,
        27,
        28,
        29,
        29,
        28,
        30,
        29,
        30,
        31,
        32,
        33,
        34,
        33,
        32,
        35,
        33,
        35,
        36,
        33,
        36,
        37,
        33,
        37,
        38,
        33,
        38,
        39,
        33,
        39,
        40,
        33,
        40,
        41,
        33,
        41,
        42,
        33,
        42,
        43,
        43,
        42,
        44,
        43,
        44,
        45,
        45,
        44,
        46,
        45,
        46,
        47,
        47,
        46,
        48,
        47,
        48,
        49,
        49,
        48,
        50,
        49,
        50,
        51,
        51,
        50,
        52,
        51,
        52,
        53,
        53,
        52,
        54,
        53,
        54,
        55,
        55,
        54,
        56,
        55,
        56,
        57,
        57,
        56,
        58,
        57,
        58,
        59,
        59,
        58,
        60,
        59,
        60,
        61,
        61,
        60,
        62,
        61,
        62,
        63,
        63,
        62,
        64,
        63,
        64,
        65,
        65,
        64,
        66,
        65,
        66,
        67,
        67,
        66,
        68,
        67,
        68,
        69,
        69,
        68,
        70,
        69,
        70,
        71,
        71,
        70,
        72,
        71,
        72,
        73,
        73,
        72,
        74,
        73,
        74,
        75,
        75,
        74,
        76,
        75,
        76,
        77,
        77,
        76,
        78,
        77,
        78,
        79,
        79,
        78,
        80,
        79,
        80,
        81,
        81,
        80,
        82,
        81,
        82,
        83,
        83,
        82,
        84,
        83,
        84,
        85,
        85,
        84,
        86,
        85,
        86,
        87,
        87,
        86,
        88,
        87,
        88,
        89,
        89,
        88,
        90
      ]
    },
    {
      "fill": {
        "kind": 0,
        "color": 4289638062
      },
      "vertices": [
        263,
        312,
        196,
        312,
        158,
        130,
        130,
        312,
        52,
        312,
        130,
        472,
        196,
        472,
        2606,
        312,
        2539,
        312,
        2501,
        130,
        2473,
        312,
        2395,
        312,
        2473,
        472,
        2539,
        472
      ],
      "indices": [
        0,
        1,
        2,
        2,
        3,
        4,
        3,
        2,
        5,
        5,
        2,
        6,
        6,
        2,
        1,
        7,
        8,
        9,
        9,
        10,
        11,
        10,
        9,
        12,
        12,
        9,
        13,
        13,
        9,
        8
      ]
    }
  ],
  "bounds": [0, 0, 2606, 525]
}
