{
  "contours": [
    {
      "fill": {
        "kind": 0,
        "color": 4278190080
      },
      "vertices": [24000, 0, 0, 10000, 0, 0, 24000, 10000],
      "indices": [0, 1, 2, 1, 0, 3]
    },
    {
      "fill": {
        "kind": 0,
        "color": 4294967295
      },
      "vertices": [
        24000,
        10010,
        0,
        10010,
        24000,
        9990,
        0,
        9990,
        0,
        10000,
        6.123233995736766e-16,
        10010,
        -1.986693307950611,
        10009.800665778412,
        -3.8941834230865036,
        10009.210609940028,
        -5.6464247339503535,
        10008.253356149096,
        -7.173560908995226,
        10006.967067093472,
        -8.414709848078965,
        10005.403023058681,
        -9.320390859672264,
        10003.623577544768,
        -9.854497299884603,
        10001.699671429002,
        -10,
        10000,
        -10,
        0,
        10,
        10000,
        10,
        0,
        0,
        0,
        -10,
        1.2246467991473533e-15,
        -9.800665778412416,
        -1.9866933079506128,
        -9.210609940028853,
        -3.894183423086503,
        -8.253356149096783,
        -5.6464247339503535,
        -6.967067093471656,
        -7.173560908995226,
        -5.403023058681398,
        -8.414709848078964,
        -3.623577544766735,
        -9.320390859672264,
        -1.699671429002407,
        -9.854497299884603,
        0,
        -10,
        24000,
        -10,
        0,
        10,
        24000,
        10,
        24000,
        0,
        24001.98669330795,
        -9.800665778412416,
        24003.894183423086,
        -9.210609940028851,
        24005.64642473395,
        -8.253356149096781,
        24007.173560908996,
        -6.967067093471654,
        24008.41470984808,
        -5.403023058681397,
        24009.320390859673,
        -3.6235775447667335,
        24009.854497299886,
        -1.6996714290024075,
        24010,
        0,
        24010,
        10000,
        23990,
        0,
        23990,
        10000,
        24000,
        10000,
        24009.800665778414,
        10001.98669330795,
        24009.21060994003,
        10003.894183423086,
        24008.253356149096,
        10005.64642473395,
        24006.967067093472,
        10007.173560908996,
        24005.403023058683,
        10008.414709848079,
        24003.623577544768,
        10009.320390859672,
        24001.699671429004,
        10009.854497299884
      ],
      "indices": [
        0,
        1,
        2,
        2,
        1,
        3,
        1,
        4,
        5,
        5,
        4,
        6,
        6,
        4,
        7,
        7,
        4,
        8,
        8,
        4,
        9,
        9,
        4,
        10,
        10,
        4,
        11,
        11,
        4,
        12,
        12,
        4,
        13,
        13,
        14,
        15,
        15,
        14,
        16,
        14,
        17,
        18,
        18,
        17,
        19,
        19,
        17,
        20,
        20,
        17,
        21,
        21,
        17,
        22,
        22,
        17,
        23,
        23,
        17,
        24,
        24,
        17,
        25,
        25,
        17,
        26,
        26,
        27,
        28,
        28,
        27,
        29,
        27,
        30,
        27,
        27,
        30,
        31,
        31,
        30,
        32,
        32,
        30,
        33,
        33,
        30,
        34,
        34,
        30,
        35,
        35,
        30,
        36,
        36,
        30,
        37,
        37,
        30,
        38,
        38,
        39,
        40,
        40,
        39,
        41,
        39,
        42,
        39,
        39,
        42,
        43,
        43,
        42,
        44,
        44,
        42,
        45,
        45,
        42,
        46,
        46,
        42,
        47,
        47,
        42,
        48,
        48,
        42,
        49,
        49,
        42,
        0
      ]
    },
    {
      "fill": {
        "kind": 3,
        "matrix": [20, 0, 0, 20, 5808, 20],
        "characterId": 663
      },
      "vertices": [37808, 20, 5808, 10020, 5808, 20, 37808, 10020],
      "indices": [0, 1, 2, 1, 0, 3]
    },
    {
      "fill": {
        "kind": 3,
        "matrix": [20, 0, 0, 20, 13331, 20],
        "characterId": 663
      },
      "vertices": [45331, 20, 13331, 10020, 13331, 20, 45331, 10020],
      "indices": [0, 1, 2, 1, 0, 3]
    },
    {
      "fill": {
        "kind": 3,
        "matrix": [20, 0, 0, 20, 32308, 20],
        "characterId": 663
      },
      "vertices": [64308, 20, 32308, 10020, 32308, 20, 64308, 10020],
      "indices": [0, 1, 2, 1, 0, 3]
    },
    {
      "fill": {
        "kind": 3,
        "matrix": [20, 0, 0, 20, 47270, 20],
        "characterId": 663
      },
      "vertices": [79270, 20, 47270, 10020, 47270, 20, 79270, 10020],
      "indices": [0, 1, 2, 1, 0, 3]
    }
  ],
  "bounds": [-10, -10, 79280, 10030]
}
