{
  "contours": [
    {
      "fill": {
        "kind": 0,
        "color": 4285493103
      },
      "vertices": [
        12500,
        210,
        -2,
        210,
        12500,
        190,
        -2,
        190,
        -2,
        200,
        -1.9999999999999993,
        210,
        -3.986693307950611,
        209.80066577841242,
        -5.894183423086504,
        209.21060994002886,
        -7.6464247339503535,
        208.2533561490968,
        -9.173560908995226,
        206.96706709347166,
        -10.414709848078965,
        205.40302305868138,
        -11.320390859672264,
        203.62357754476673,
        -11.854497299884603,
        201.6996714290024,
        -12,
        200,
        -12,
        0,
        8,
        200,
        8,
        0,
        -2,
        0,
        -12,
        1.2246467991473533e-15,
        -11.800665778412416,
        -1.9866933079506128,
        -11.210609940028853,
        -3.894183423086503,
        -10.253356149096783,
        -5.6464247339503535,
        -8.967067093471655,
        -7.173560908995226,
        -7.403023058681398,
        -8.414709848078964,
        -5.623577544766735,
        -9.320390859672264,
        -3.6996714290024073,
        -9.854497299884603,
        -2,
        -10,
        12500,
        -10,
        -2,
        10,
        12500,
        10,
        12500,
        0,
        12501.98669330795,
        -9.800665778412416,
        12503.894183423086,
        -9.210609940028851,
        12505.64642473395,
        -8.253356149096781,
        12507.173560908996,
        -6.967067093471654,
        12508.414709848079,
        -5.403023058681397,
        12509.320390859672,
        -3.6235775447667335,
        12509.854497299884,
        -1.6996714290024075,
        12510,
        0,
        12510,
        200,
        12490,
        0,
        12490,
        200,
        12500,
        200,
        12509.800665778412,
        201.98669330795062,
        12509.210609940028,
        203.8941834230865,
        12508.253356149096,
        205.64642473395037,
        12506.967067093472,
        207.17356090899523,
        12505.403023058681,
        208.41470984807896,
        12503.623577544768,
        209.32039085967227,
        12501.699671429002,
        209.8544972998846
      ],
      "indices": [
        0,
        1,
        2,
        2,
        1,
        3,
        1,
        4,
        5,
        5,
        4,
        6,
        6,
        4,
        7,
        7,
        4,
        8,
        8,
        4,
        9,
        9,
        4,
        10,
        10,
        4,
        11,
        11,
        4,
        12,
        12,
        4,
        13,
        13,
        14,
        15,
        15,
        14,
        16,
        14,
        17,
        18,
        18,
        17,
        19,
        19,
        17,
        20,
        20,
        17,
        21,
        21,
        17,
        22,
        22,
        17,
        23,
        23,
        17,
        24,
        24,
        17,
        25,
        25,
        17,
        26,
        26,
        27,
        28,
        28,
        27,
        29,
        27,
        30,
        27,
        27,
        30,
        31,
        31,
        30,
        32,
        32,
        30,
        33,
        33,
        30,
        34,
        34,
        30,
        35,
        35,
        30,
        36,
        36,
        30,
        37,
        37,
        30,
        38,
        38,
        39,
        40,
        40,
        39,
        41,
        39,
        42,
        39,
        39,
        42,
        43,
        43,
        42,
        44,
        44,
        42,
        45,
        45,
        42,
        46,
        46,
        42,
        47,
        47,
        42,
        48,
        48,
        42,
        49,
        49,
        42,
        0
      ]
    }
  ],
  "bounds": [-12, -10, 12522, 220]
}
