{
  "contours": [
    {
      "fill": {
        "kind": 0,
        "color": 4291217094
      },
      "vertices": [500, 0, 0, 500, 0, 0, 500, 500],
      "indices": [0, 1, 2, 1, 0, 3]
    },
    {
      "fill": {
        "kind": 0,
        "color": 4289374890
      },
      "vertices": [
        510,
        0,
        510,
        500,
        490,
        0,
        490,
        500,
        500,
        500,
        509.8006657784124,
        501.9866933079506,
        509.21060994002886,
        503.89418342308653,
        508.25335614909676,
        505.64642473395037,
        506.96706709347166,
        507.1735609089952,
        505.4030230586814,
        508.414709848079,
        503.62357754476676,
        509.3203908596723,
        501.6996714290024,
        509.8544972998846,
        500,
        510,
        0,
        510,
        500,
        490,
        0,
        490,
        0,
        500,
        6.123233995736766e-16,
        510,
        -1.986693307950611,
        509.8006657784124,
        -3.8941834230865036,
        509.21060994002886,
        -5.6464247339503535,
        508.25335614909676,
        -7.173560908995226,
        506.96706709347166,
        -8.414709848078965,
        505.4030230586814,
        -9.320390859672264,
        503.62357754476676,
        -9.854497299884603,
        501.6996714290024,
        -10,
        500,
        -10,
        0,
        10,
        500,
        10,
        0,
        0,
        0,
        -10,
        1.2246467991473533e-15,
        -9.800665778412416,
        -1.9866933079506128,
        -9.210609940028853,
        -3.894183423086503,
        -8.253356149096783,
        -5.6464247339503535,
        -6.967067093471656,
        -7.173560908995226,
        -5.403023058681398,
        -8.414709848078964,
        -3.623577544766735,
        -9.320390859672264,
        -1.699671429002407,
        -9.854497299884603,
        0,
        -10,
        500,
        -10,
        0,
        10,
        500,
        10,
        500,
        0,
        501.9866933079506,
        -9.800665778412416,
        503.89418342308653,
        -9.210609940028851,
        505.64642473395037,
        -8.253356149096781,
        507.1735609089952,
        -6.967067093471654,
        508.414709848079,
        -5.403023058681397,
        509.3203908596723,
        -3.6235775447667335,
        509.8544972998846,
        -1.6996714290024075
      ],
      "indices": [
        0,
        1,
        2,
        2,
        1,
        3,
        1,
        4,
        1,
        1,
        4,
        5,
        5,
        4,
        6,
        6,
        4,
        7,
        7,
        4,
        8,
        8,
        4,
        9,
        9,
        4,
        10,
        10,
        4,
        11,
        11,
        4,
        12,
        12,
        13,
        14,
        14,
        13,
        15,
        13,
        16,
        17,
        17,
        16,
        18,
        18,
        16,
        19,
        19,
        16,
        20,
        20,
        16,
        21,
        21,
        16,
        22,
        22,
        16,
        23,
        23,
        16,
        24,
        24,
        16,
        25,
        25,
        26,
        27,
        27,
        26,
        28,
        26,
        29,
        30,
        30,
        29,
        31,
        31,
        29,
        32,
        32,
        29,
        33,
        33,
        29,
        34,
        34,
        29,
        35,
        35,
        29,
        36,
        36,
        29,
        37,
        37,
        29,
        38,
        38,
        39,
        40,
        40,
        39,
        41,
        39,
        42,
        39,
        39,
        42,
        43,
        43,
        42,
        44,
        44,
        42,
        45,
        45,
        42,
        46,
        46,
        42,
        47,
        47,
        42,
        48,
        48,
        42,
        49,
        49,
        42,
        0
      ]
    }
  ],
  "bounds": [-10, -10, 520, 520]
}
