{
  "contours": [
    {
      "fill": {
        "kind": 0,
        "color": 4278303233
      },
      "vertices": [
        328,
        1713,
        74,
        2419,
        73,
        2418,
        80,
        2674,
        93.765625,
        2701.078125,
        109.0625,
        2726.8125,
        125.890625,
        2751.203125,
        144.25,
        2774.25,
        164.140625,
        2795.953125,
        185.5625,
        2816.3125,
        208.515625,
        2835.328125,
        233,
        2853,
        238,
        2854,
        363,
        2504,
        364,
        2504,
        343,
        1719,
        41.0625,
        2531.265625,
        40,
        2511,
        43.25,
        2551.5625,
        46.5625,
        2571.890625,
        51,
        2592.25,
        56.5625,
        2612.640625,
        63.25,
        2633.0625,
        71.0625,
        2653.515625,
        556,
        1104,
        483,
        2173,
        485,
        2173,
        532,
        1573,
        572,
        1113,
        561,
        1106,
        1005,
        1723,
        1206,
        2078,
        853,
        1675,
        1070,
        1464,
        1409,
        1852,
        1221,
        2093,
        1392,
        2604,
        46,
        1060,
        37,
        1130,
        36,
        1130,
        43,
        1457,
        51.25,
        1461.25,
        46.75,
        1029.25,
        48.109375,
        1021.640625,
        49.9375,
        1014.0625,
        52.234375,
        1006.515625,
        60,
        1465,
        55,
        999,
        60,
        963,
        64,
        964,
        69.25,
        1468.25,
        72,
        967,
        79,
        1471,
        78.25,
        958.53125,
        85,
        950.625,
        89.25,
        1473.25,
        92.25,
        943.28125,
        100,
        1475,
        100,
        936.5,
        108.25,
        930.28125,
        218,
        1492,
        117,
        924.625,
        126.25,
        919.53125,
        136,
        915,
        263,
        1174,
        649,
        704,
        364,
        1132,
        364,
        1133,
        578,
        1045,
        670,
        747,
        675,
        757,
        861,
        927,
        705,
        680,
        790,
        645,
        977,
        568,
        872.484375,
        915.71875,
        883.4375,
        903.875,
        893.859375,
        891.46875,
        903.75,
        878.5,
        913.109375,
        864.96875,
        921.9375,
        850.875,
        930.234375,
        836.21875,
        938,
        821,
        981,
        591,
        1149,
        1146,
        979,
        573,
        981,
        587,
        996,
        583,
        1006.03125,
        578.15625,
        1016.125,
        574.125,
        1026.28125,
        570.90625,
        1036.5,
        568.5,
        1046.78125,
        566.90625,
        1057.125,
        566.125,
        1067.53125,
        566.15625,
        1078,
        567,
        1092.515625,
        569.5625,
        1106.0625,
        573.25,
        1118.640625,
        578.0625,
        1130.25,
        584,
        1140.890625,
        591.0625,
        1150.5625,
        599.25,
        1229,
        1268,
        1159.265625,
        608.5625,
        1167,
        619,
        1478,
        1099,
        1256,
        1283,
        1261,
        1286,
        1272.984375,
        1291.265625,
        1285.4375,
        1296.0625,
        1298.359375,
        1300.390625,
        1311.75,
        1304.25,
        1325.609375,
        1307.640625,
        1339.9375,
        1310.5625,
        1354.734375,
        1313.015625,
        1370,
        1315,
        1400,
        1318,
        1419,
        1321,
        1676,
        1381,
        1794,
        1172,
        1683.015625,
        1381.9375,
        1690.0625,
        1381.75,
        1697.140625,
        1380.4375,
        1704.25,
        1378,
        1711.390625,
        1374.4375,
        1718.5625,
        1369.75,
        1725.765625,
        1363.9375,
        1733,
        1357,
        1738.78125,
        1350.234375,
        1744.125,
        1342.9375,
        1749.03125,
        1335.109375,
        1753.5,
        1326.75,
        1757.53125,
        1317.859375,
        1761.125,
        1308.4375,
        1764.28125,
        1298.484375,
        1767,
        1288,
        1423,
        2698,
        1391,
        2604,
        1423.140625,
        1859.734375,
        1436.4375,
        2713.390625,
        1436.0625,
        1868.4375,
        1447.765625,
        1878.109375,
        1450.75,
        2728.0625,
        1458.25,
        1888.75,
        1465.9375,
        2742.015625,
        1467.515625,
        1900.359375,
        1482,
        2755.25,
        1475.5625,
        1912.9375,
        1482.390625,
        1926.484375,
        1498.9375,
        2767.765625,
        1488,
        1941,
        1489,
        1944,
        1512,
        2011,
        1532,
        1993,
        1516.75,
        2779.5625,
        1790,
        2844,
        1535.4375,
        2790.640625,
        1555,
        2801,
        1582.875,
        2813.734375,
        1611,
        2824.4375,
        1639.375,
        2833.109375,
        1668,
        2839.75,
        1696.875,
        2844.359375,
        1726,
        2846.9375,
        1755.375,
        2847.484375,
        1785,
        2846,
        1419,
        1322,
        561,
        1957,
        567,
        1935,
        677,
        1619,
        45.859375,
        1036.890625,
        45.484375,
        1052.265625,
        45.4375,
        1044.5625,
        670,
        746,
        649,
        703,
        1255,
        1284,
        0,
        1392,
        0.25,
        1406.3125,
        -0.4375,
        1399.203125,
        2.0625,
        1413.328125,
        5,
        1420.25,
        9.0625,
        1427.078125,
        14.25,
        1433.8125,
        20.5625,
        1440.453125,
        28,
        1447,
        35.25,
        1452.25
      ],