{
  "contours": [
    {
      "fill": {
        "kind": 0,
        "color": 2885681151
      },
      "vertices": [2000, 0, 0, 256, 0, 0, 2000, 256],
      "indices": [0, 1, 2, 1, 0, 3]
    },
    {
      "fill": {
        "kind": 0,
        "color": 4281584691
      },
      "vertices": [
        2000,
        266,
        0,
        266,
        2000,
        246,
        0,
        246,
        0,
        256,
        6.123233995736766e-16,
        266,
        -1.986693307950611,
        265.8006657784124,
        -3.8941834230865036,
        265.21060994002886,
        -5.6464247339503535,
        264.25335614909676,
        -7.173560908995226,
        262.96706709347166,
        -8.414709848078965,
        261.4030230586814,
        -9.320390859672264,
        259.62357754476676,
        -9.854497299884603,
        257.6996714290024,
        -10,
        256,
        -10,
        0,
        10,
        256,
        10,
        0,
        0,
        0,
        -10,
        1.2246467991473533e-15,
        -9.800665778412416,
        -1.9866933079506128,
        -9.210609940028853,
        -3.894183423086503,
        -8.253356149096783,
        -5.6464247339503535,
        -6.967067093471656,
        -7.173560908995226,
        -5.403023058681398,
        -8.414709848078964,
        -3.623577544766735,
        -9.320390859672264,
        -1.699671429002407,
        -9.854497299884603,
        0,
        -10,
        2000,
        -10,
        0,
        10,
        2000,
        10,
        2000,
        0,
        2001.9866933079506,
        -9.800665778412416,
        2003.8941834230866,
        -9.210609940028851,
        2005.6464247339504,
        -8.253356149096781,
        2007.1735609089951,
        -6.967067093471654,
        2008.414709848079,
        -5.403023058681397,
        2009.3203908596722,
        -3.6235775447667335,
        2009.8544972998845,
        -1.6996714290024075,
        2010,
        0,
        2010,
        256,
        1990,
        0,
        1990,
        256,
        2000,
        256,
        2009.8006657784124,
        257.9866933079506,
        2009.210609940029,
        259.89418342308653,
        2008.2533561490968,
        261.64642473395037,
        2006.9670670934715,
        263.1735609089952,
        2005.4030230586814,
        264.414709848079,
        2003.6235775447667,
        265.3203908596723,
        2001.6996714290024,
        265.8544972998846
      ],
      "indices": [
        0,
        1,
        2,
        2,
        1,
        3,
        1,
        4,
        5,
        5,
        4,
        6,
        6,
        4,
        7,
        7,
        4,
        8,
        8,
        4,
        9,
        9,
        4,
        10,
        10,
        4,
        11,
        11,
        4,
        12,
        12,
        4,
        13,
        13,
        14,
        15,
        15,
        14,
        16,
        14,
        17,
        18,
        18,
        17,
        19,
        19,
        17,
        20,
        20,
        17,
        21,
        21,
        17,
        22,
        22,
        17,
        23,
        23,
        17,
        24,
        24,
        17,
        25,
        25,
        17,
        26,
        26,
        27,
        28,
        28,
        27,
        29,
        27,
        30,
        27,
        27,
        30,
        31,
        31,
        30,
        32,
        32,
        30,
        33,
        33,
        30,
        34,
        34,
        30,
        35,
        35,
        30,
        36,
        36,
        30,
        37,
        37,
        30,
        38,
        38,
        39,
        40,
        40,
        39,
        41,
        39,
        42,
        39,
        39,
        42,
        43,
        43,
        42,
        44,
        44,
        42,
        45,
        45,
        42,
        46,
        46,
        42,
        47,
        47,
        42,
        48,
        48,
        42,
        49,
        49,
        42,
        0
      ]
    }
  ],
  "bounds": [-10, -10, 2020, 276]
}
