{
  "contours": [
    {
      "fill": {
        "kind": 0,
        "color": 4294967295
      },
      "vertices": [
        2324.0885936857358,
        202.66076042095096,
        2320.9635936857358,
        155.78576042095096,
        2403.9114063142642,
        197.33923957904904,
        2400.7864063142642,
        150.46423957904904,
        2321.1772186612598,
        158.99013505381092,
        2360.875,
        153.125,
        2321.899352172215,
        162.11938026795033,
        2312.524352172215,
        121.49438026795033,
        2399.850647827785,
        144.13061973204967,
        2390.475647827785,
        103.50561973204967,
        2313.4260220001897,
        125.40161618917391,
        2351.5,
        112.5,
        2315.085340901496,
        129.05211777204735,
        2299.460340901496,
        94.67711777204735,
        2387.914659098504,
        95.94788222795265,
        2372.289659098504,
        61.57288222795264,
        2301.4093117997436,
        98.96485374819224,
        2335.875,
        78.125,
        2304.300911304947,
        102.68262454059682,
        2282.425911304947,
        74.55762454059682,
        2367.449088695053,
        53.56737545940318,
        2345.574088695053,
        25.44237545940318,
        2285.4956143725217,
        78.50438562747867,
        2314,
        50,
        2289.442375459403,
        81.57408869505305,
        2261.317375459403,
        59.69908869505305,
        2338.557624540597,
        18.425911304946947,
        2310.432624540597,
        -3.449088695053053,
        2265.0351462518074,
        62.59068820025648,
        2285.875,
        28.125,
        2269.3228822279525,
        64.53965909850419,
        2234.9478822279525,
        48.91465909850419,
        2302.4271177720475,
        -8.289659098504188,
        2268.0521177720475,
        -23.91465909850419,
        2238.598383810825,
        50.57397799980992,
        2251.5,
        12.5,
        2242.5056197320496,
        51.4756478277848,
        2201.8806197320496,
        42.1006478277848,
        2260.4943802679504,
        -26.475647827784798,
        2219.8693802679504,
        -35.8506478277848,
        2205.0098649461906,
        42.822781338740455,
        2210.875,
        3.125,
        2208.2142395790493,
        43.036406314264354,
        2161.3392395790493,
        39.911406314264354,
        2213.5357604209507,
        -36.786406314264354,
        2166.6607604209507,
        -39.911406314264354,
        2162.668144865084,
        40,
        2164,
        0,
        2164,
        40,
        200,
        40,
        2164,
        -40,
        200,
        -40,
        201.33185513491628,
        40,
        200,
        0,
        202.66076042095096,
        39.911406314264354,
        155.78576042095096,
        43.036406314264354,
        197.33923957904904,
        -39.911406314264354,
        150.46423957904904,
        -36.786406314264354,
        158.990135053809,
        42.822781338740484,
        153.125,
        3.125,
        162.11938026795033,
        42.1006478277848,
        121.49438026795033,
        51.4756478277848,
        144.13061973204967,
        -35.8506478277848,
        103.50561973204967,
        -26.475647827784798,
        125.40161618917467,
        50.57397799980995,
        112.5,
        12.5,
        129.05211777204735,
        48.91465909850419,
        94.67711777204735,
        64.53965909850419,
        95.94788222795265,
        -23.91465909850419,
        61.57288222795264,
        -8.289659098504188,
        98.96485374819255,
        62.590688200256366,
        78.125,
        28.125,
        102.68262454059682,
        59.69908869505305,
        74.55762454059682,
        81.57408869505305,
        53.56737545940318,
        -3.449088695053053,
        25.44237545940318,
        18.425911304946947,
        78.50438562747846,
        78.50438562747844,
        50,
        50,
        81.57408869505305,
        74.55762454059682,
        59.69908869505305,
        102.68262454059682,
        18.425911304946947,
        25.44237545940318,
        -3.449088695053053,
        53.56737545940318,
        62.59068820025637,
        98.96485374819255,
        28.125,
        78.125,
        64.53965909850419,
        94.67711777204735,
        48.91465909850419,
        129.05211777204735,
        -8.289659098504188,
        61.57288222795264,
        -23.91465909850419,
        95.94788222795265,
        50.57397799980995,
        125.40161618917469,
        12.5,
        112.5,
        51.4756478277848,
        121.49438026795033,
        42.1006478277848,
        162.11938026795033,
        -26.475647827784798,
        103.50561973204967,
        -35.8506478277848,
        144.13061973204967,
        42.822781338740484,
        158.990135053809,
        3.125,
        153.125,
        43.036406314264354,
        155.78576042095096,
        39.911406314264354,
        202.66076042095096,
        -36.786406314264354,
        150.46423957904904,
        -39.911406314264354,
        197.33923957904904,
        40,
        201.33185513491628,
        0,
        200,
        40,
        200,
        40,
        544,
        -40,
        200,
        -40,
        544,
        40,
        542.6681448650837,
        0,
        544,
        39.911406314264354,
        541.339239579049,
        43.036406314264354,
        588.214239579049,
        -39.911406314264354,
        546.660760420951,
        -36.786406314264354,
        593.535760420951,
        42.822781338740484,
        585.009864946191,
        3.125,
        590.875,
        42.1006478277848,
        581.8806197320497,
        51.4756478277848,
        622.5056197320497,
        -35.8506478277848,
        599.8693802679503,
        -26.475647827784798,
        640.4943802679503,
        50.57397799980993,
        618.5983838108252,
        12.5,
        631.5,
        48.91465909850419,
        614.9478822279526,
        64.53965909850419,
        649.3228822279526,
        -23.91465909850419,
        648.0521177720474,
        -8.289659098504188,
        682.4271177720474,
        62.59068820025636,
        645.0351462518074,
        28.125,
        665.875,
        59.69908869505305,
        641.3173754594031,
        81.57408869505305,
        669.4423754594031,
        -3.449088695053053,
        690.4326245405969,
        18.425911304946947,
        718.5576245405969,
        78.50438562747844,
        665.4956143725215,
        50,
        694,
        74.55762454059682,
        662.4259113049469,
        102.68262454059682,
        684.3009113049469,
        25.44237545940318,
        725.5740886950531,
        53.56737545940318,
        747.4490886950531,
        98.96485374819258,
        681.4093117997436,
        78.125,
        715.875,
        94.67711777204735,
        679.4603409014958,
        129.05211777204735,
        695.0853409014958,
        61.57288222795264,
        752.2896590985042,
        95.94788222795265,
        767.9146590985042,
        125.40161618917494,
        693.4260220001902,
        112.5,
        731.5,
        121.49438026795033,
        692.5243521722152,
        162.11938026795033,
        701.8993521722152,
        103.50561973204967,
        770.4756478277848,
        144.13061973204967,
        779.8506478277848,
        158.99013505380884,
        701.1772186612595,
        153.125,
        740.875,
        155.78576042095096,
        700.9635936857356,
        202.66076042095096,
        704.0885936857356,
        150.46423957904904,
        780.7864063142644,
        197.33923957904904,
        783.9114063142644,
        201.33185513491628,
        704,
        200,
        744,
        200,
        704,
        2164,
        704,
        200,
        784,
        2164,
        784,
        2162.668144865084,
        704,
        2164,
        744,
        2161.3392395790493,
        704.0885936857356,
        2208.2142395790493,
        700.9635936857356,
