{
  "contours": [
    {
      "fill": {
        "kind": 0,
        "color": 4288256409
      },
      "vertices": [8983, 0, 6, 493, 6, 0, 8983, 493],
      "indices": [0, 1, 2, 1, 0, 3]
    },
    {
      "fill": {
        "kind": 0,
        "color": 4288256409
      },
      "vertices": [
        8983,
        503,
        6,
        503,
        8983,
        483,
        6,
        483,
        6,
        493,
        6.000000000000001,
        503,
        4.0133066920493885,
        502.8006657784124,
        2.1058165769134964,
        502.21060994002886,
        0.3535752660496465,
        501.25335614909676,
        -1.173560908995226,
        499.96706709347166,
        -2.4147098480789655,
        498.4030230586814,
        -3.3203908596722638,
        496.62357754476676,
        -3.8544972998846028,
        494.6996714290024,
        -4,
        493,
        -4,
        0,
        16,
        493,
        16,
        0,
        6,
        0,
        -4,
        1.2246467991473533e-15,
        -3.800665778412416,
        -1.9866933079506128,
        -3.210609940028853,
        -3.894183423086503,
        -2.253356149096783,
        -5.6464247339503535,
        -0.9670670934716563,
        -7.173560908995226,
        0.5969769413186023,
        -8.414709848078964,
        2.376422455233265,
        -9.320390859672264,
        4.300328570997593,
        -9.854497299884603,
        6,
        -10,
        8983,
        -10,
        6,
        10,
        8983,
        10,
        8983,
        0,
        8984.98669330795,
        -9.800665778412416,
        8986.894183423086,
        -9.210609940028851,
        8988.64642473395,
        -8.253356149096781,
        8990.173560908996,
        -6.967067093471654,
        8991.414709848079,
        -5.403023058681397,
        8992.320390859672,
        -3.6235775447667335,
        8992.854497299884,
        -1.6996714290024075,
        8993,
        0,
        8993,
        493,
        8973,
        0,
        8973,
        493,
        8983,
        493,
        8992.800665778412,
        494.9866933079506,
        8992.210609940028,
        496.89418342308653,
        8991.253356149096,
        498.64642473395037,
        8989.967067093472,
        500.1735609089952,
        8988.403023058681,
        501.414709848079,
        8986.623577544768,
        502.3203908596723,
        8984.699671429002,
        502.8544972998846
      ],
      "indices": [
        0,
        1,
        2,
        2,
        1,
        3,
        1,
        4,
        5,
        5,
        4,
        6,
        6,
        4,
        7,
        7,
        4,
        8,
        8,
        4,
        9,
        9,
        4,
        10,
        10,
        4,
        11,
        11,
        4,
        12,
        12,
        4,
        13,
        13,
        14,
        15,
        15,
        14,
        16,
        14,
        17,
        18,
        18,
        17,
        19,
        19,
        17,
        20,
        20,
        17,
        21,
        21,
        17,
        22,
        22,
        17,
        23,
        23,
        17,
        24,
        24,
        17,
        25,
        25,
        17,
        26,
        26,
        27,
        28,
        28,
        27,
        29,
        27,
        30,
        27,
        27,
        30,
        31,
        31,
        30,
        32,
        32,
        30,
        33,
        33,
        30,
        34,
        34,
        30,
        35,
        35,
        30,
        36,
        36,
        30,
        37,
        37,
        30,
        38,
        38,
        39,
        40,
        40,
        39,
        41,
        39,
        42,
        39,
        39,
        42,
        43,
        43,
        42,
        44,
        44,
        42,
        45,
        45,
        42,
        46,
        46,
        42,
        47,
        47,
        42,
        48,
        48,
        42,
        49,
        49,
        42,
        0
      ]
    }
  ],
  "bounds": [-4, -10, 8997, 513]
}
