{
  "contours": [
    {
      "fill": {
        "kind": 0,
        "color": 4294941132
      },
      "vertices": [300, -620, -340, 20, -340, -620, 300, 20],
      "indices": [0, 1, 2, 1, 0, 3]
    },
    {
      "fill": {
        "kind": 0,
        "color": 4278190080
      },
      "vertices": [
        -340,
        -630,
        300,
        -630,
        -340,
        -610,
        300,
        -610,
        300,
        -620,
        301.9866933079506,
        -629.8006657784124,
        303.89418342308653,
        -629.2106099400288,
        305.64642473395037,
        -628.2533561490968,
        307.1735609089952,
        -626.9670670934717,
        308.414709848079,
        -625.4030230586814,
        309.3203908596723,
        -623.6235775447667,
        309.8544972998846,
        -621.6996714290024,
        310,
        -620,
        310,
        20,
        290,
        -620,
        290,
        20,
        300,
        20,
        309.8006657784124,
        21.986693307950613,
        309.21060994002886,
        23.894183423086506,
        308.25335614909676,
        25.646424733950354,
        306.96706709347166,
        27.173560908995228,
        305.4030230586814,
        28.414709848078964,
        303.62357754476676,
        29.320390859672266,
        301.6996714290024,
        29.854497299884603,
        300,
        30,
        -340,
        30,
        300,
        10,
        -340,
        10,
        -340,
        20,
        -341.9866933079506,
        29.800665778412416,
        -343.89418342308653,
        29.210609940028853,
        -345.64642473395037,
        28.25335614909678,
        -347.1735609089952,
        26.967067093471655,
        -348.414709848079,
        25.4030230586814,
        -349.3203908596723,
        23.623577544766736,
        -349.8544972998846,
        21.699671429002407,
        -350,
        20,
        -350,
        -620,
        -330,
        20,
        -330,
        -620,
        -340,
        -620,
        -349.8006657784124,
        -621.9866933079506,
        -349.21060994002886,
        -623.8941834230865,
        -348.25335614909676,
        -625.6464247339503,
        -346.96706709347166,
        -627.1735609089952,
        -345.4030230586814,
        -628.4147098480789,
        -343.62357754476676,
        -629.3203908596722,
        -341.6996714290024,
        -629.8544972998847
      ],
      "indices": [
        0,
        1,
        2,
        2,
        1,
        3,
        1,
        4,
        1,
        1,
        4,
        5,
        5,
        4,
        6,
        6,
        4,
        7,
        7,
        4,
        8,
        8,
        4,
        9,
        9,
        4,
        10,
        10,
        4,
        11,
        11,
        4,
        12,
        12,
        13,
        14,
        14,
        13,
        15,
        13,
        16,
        13,
        13,
        16,
        17,
        17,
        16,
        18,
        18,
        16,
        19,
        19,
        16,
        20,
        20,
        16,
        21,
        21,
        16,
        22,
        22,
        16,
        23,
        23,
        16,
        24,
        24,
        25,
        26,
        26,
        25,
        27,
        25,
        28,
        25,
        25,
        28,
        29,
        29,
        28,
        30,
        30,
        28,
        31,
        31,
        28,
        32,
        32,
        28,
        33,
        33,
        28,
        34,
        34,
        28,
        35,
        35,
        28,
        36,
        36,
        37,
        38,
        38,
        37,
        39,
        37,
        40,
        37,
        37,
        40,
        41,
        41,
        40,
        42,
        42,
        40,
        43,
        43,
        40,
        44,
        44,
        40,
        45,
        45,
        40,
        46,
        46,
        40,
        47,
        47,
        40,
        0
      ]
    }
  ],
  "bounds": [-350, -630, 660, 660]
}
