{
  "contours": [
    {
      "fill": {
        "kind": 0,
        "color": 4294967295
      },
      "vertices": [1952, -526, -1928, 493, -1928, -526, 1952, 493],
      "indices": [0, 1, 2, 1, 0, 3]
    },
    {
      "fill": {
        "kind": 0,
        "color": 1056964607
      },
      "vertices": [
        1962,
        -526,
        1962,
        493,
        1942,
        -526,
        1942,
        493,
        1952,
        493,
        1961.8006657784124,
        494.9866933079506,
        1961.210609940029,
        496.89418342308653,
        1960.2533561490968,
        498.64642473395037,
        1958.9670670934715,
        500.1735609089952,
        1957.4030230586814,
        501.414709848079,
        1955.6235775447667,
        502.3203908596723,
        1953.6996714290024,
        502.8544972998846,
        1952,
        503,
        -1928,
        503,
        1952,
        483,
        -1928,
        483,
        -1928,
        493,
        -1929.9866933079506,
        502.8006657784124,
        -1931.8941834230866,
        502.21060994002886,
        -1933.6464247339504,
        501.25335614909676,
        -1935.1735609089951,
        499.96706709347166,
        -1936.414709848079,
        498.4030230586814,
        -1937.3203908596722,
        496.62357754476676,
        -1937.8544972998845,
        494.6996714290024,
        -1938,
        493,
        -1938,
        -526,
        -1918,
        493,
        -1918,
        -526,
        -1928,
        -526,
        -1937.8006657784124,
        -527.9866933079506,
        -1937.210609940029,
        -529.8941834230865,
        -1936.2533561490968,
        -531.6464247339503,
        -1934.9670670934718,
        -533.1735609089952,
        -1933.4030230586814,
        -534.4147098480789,
        -1931.6235775447667,
        -535.3203908596722,
        -1929.6996714290024,
        -535.8544972998847,
        -1928,
        -536,
        1952,
        -536,
        -1928,
        -516,
        1952,
        -516,
        1952,
        -526,
        1953.9866933079506,
        -535.8006657784124,
        1955.8941834230866,
        -535.2106099400288,
        1957.6464247339504,
        -534.2533561490968,
        1959.1735609089951,
        -532.9670670934717,
        1960.414709848079,
        -531.4030230586814,
        1961.3203908596722,
        -529.6235775447667,
        1961.8544972998845,
        -527.6996714290024
      ],
      "indices": [
        0,
        1,
        2,
        2,
        1,
        3,
        1,
        4,
        1,
        1,
        4,
        5,
        5,
        4,
        6,
        6,
        4,
        7,
        7,
        4,
        8,
        8,
        4,
        9,
        9,
        4,
        10,
        10,
        4,
        11,
        11,
        4,
        12,
        12,
        13,
        14,
        14,
        13,
        15,
        13,
        16,
        13,
        13,
        16,
        17,
        17,
        16,
        18,
        18,
        16,
        19,
        19,
        16,
        20,
        20,
        16,
        21,
        21,
        16,
        22,
        22,
        16,
        23,
        23,
        16,
        24,
        24,
        25,
        26,
        26,
        25,
        27,
        25,
        28,
        25,
        25,
        28,
        29,
        29,
        28,
        30,
        30,
        28,
        31,
        31,
        28,
        32,
        32,
        28,
        33,
        33,
        28,
        34,
        34,
        28,
        35,
        35,
        28,
        36,
        36,
        37,
        38,
        38,
        37,
        39,
        37,
        40,
        37,
        37,
        40,
        41,
        41,
        40,
        42,
        42,
        40,
        43,
        43,
        40,
        44,
        44,
        40,
        45,
        45,
        40,
        46,
        46,
        40,
        47,
        47,
        40,
        0
      ]
    }
  ],
  "bounds": [-1938, -536, 3900, 1039]
}
