{
  "contours": [
    {
      "fill": {
        "kind": 3,
        "matrix": [20.1416015625, 0, 0, 20, 0, 0],
        "characterId": 761
      },
      "vertices": [24170, 0, 0, 14000, 0, 0, 24170, 14000],
      "indices": [0, 1, 2, 1, 0, 3]
    },
    {
      "fill": {
        "kind": 3,
        "matrix": [20.1416015625, 0, 0, 20, 24170, 0],
        "characterId": 761
      },
      "vertices": [48340, 0, 24170, 14000, 24170, 0, 48340, 14000],
      "indices": [0, 1, 2, 1, 0, 3]
    },
    {
      "fill": {
        "kind": 3,
        "matrix": [20.1416015625, 0, 0, 20, 48340, 0],
        "characterId": 761
      },
      "vertices": [72510, 0, 48340, 14000, 48340, 0, 72510, 14000],
      "indices": [0, 1, 2, 1, 0, 3]
    }
  ],
  "bounds": [0, 0, 72510, 14000]
}
