{
  "contours": [
    {
      "fill": {
        "kind": 0,
        "color": 4278303233
      },
      "vertices": [
        49,
        0,
        0,
        27,
        0,
        0,
        0.109375,
        29.453125,
        0.4375,
        31.8125,
        0.984375,
        34.078125,
        1.75,
        36.25,
        2.734375,
        38.328125,
        3.9375,
        40.3125,
        5.359375,
        42.203125,
        7,
        44,
        9.046875,
        45.875,
        11.1875,
        47.5,
        13.421875,
        48.875,
        15.75,
        50,
        18.171875,
        50.875,
        20.6875,
        51.5,
        23.296875,
        51.875,
        26,
        52,
        45,
        52,
        129,
        0,
        190,
        52,
        126,
        52,
        146,
        0,
        149.21875,
        1.34375,
        152.375,
        2.875,
        155.46875,
        4.59375,
        158.5,
        6.5,
        161.46875,
        8.59375,
        164.375,
        10.875,
        167.21875,
        13.34375,
        170,
        16,
        173.59375,
        19.828125,
        176.875,
        23.8125,
        179.84375,
        27.953125,
        182.5,
        32.25,
        184.84375,
        36.703125,
        186.875,
        41.3125,
        188.59375,
        46.078125,
        190,
        51
      ],
      "indices": [
        0,
        1,
        2,
        1,
        0,
        3,
        3,
        0,
        4,
        4,
        0,
        5,
        5,
        0,
        6,
        6,
        0,
        7,
        7,
        0,
        8,
        8,
        0,
        9,
        9,
        0,
        10,
        10,
        0,
        11,
        11,
        0,
        12,
        12,
        0,
        13,
        13,
        0,
        14,
        14,
        0,
        15,
        15,
        0,
        16,
        16,
        0,
        17,
        17,
        0,
        18,
        18,
        0,
        19,
        20,
        21,
        22,
        21,
        20,
        23,
        21,
        23,
        24,
        21,
        24,
        25,
        21,
        25,
        26,
        21,
        26,
        27,
        21,
        27,
        28,
        21,
        28,
        29,
        21,
        29,
        30,
        21,
        30,
        31,
        21,
        31,
        32,
        21,
        32,
        33,
        21,
        33,
        34,
        21,
        34,
        35,
        21,
        35,
        36,
        21,
        36,
        37,
        21,
        37,
        38,
        21,
        38,
        39
      ]
    }
  ],
  "bounds": [0, 0, 190, 52]
}
