{
  "contours": [
    {
      "fill": {
        "kind": 0,
        "color": 4288256409
      },
      "vertices": [9500, 0, 0, 790, 0, 0, 9500, 790],
      "indices": [0, 1, 2, 1, 0, 3]
    },
    {
      "fill": {
        "kind": 0,
        "color": 4284913920
      },
      "vertices": [
        9500,
        800,
        0,
        800,
        9500,
        780,
        0,
        780,
        0,
        790,
        6.123233995736766e-16,
        800,
        -1.986693307950611,
        799.8006657784124,
        -3.8941834230865036,
        799.2106099400288,
        -5.6464247339503535,
        798.2533561490968,
        -7.173560908995226,
        796.9670670934717,
        -8.414709848078965,
        795.4030230586814,
        -9.320390859672264,
        793.6235775447667,
        -9.854497299884603,
        791.6996714290024,
        -10,
        790,
        -10,
        0,
        10,
        790,
        10,
        0,
        0,
        0,
        -10,
        1.2246467991473533e-15,
        -9.800665778412416,
        -1.9866933079506128,
        -9.210609940028853,
        -3.894183423086503,
        -8.253356149096783,
        -5.6464247339503535,
        -6.967067093471656,
        -7.173560908995226,
        -5.403023058681398,
        -8.414709848078964,
        -3.623577544766735,
        -9.320390859672264,
        -1.699671429002407,
        -9.854497299884603,
        0,
        -10,
        9500,
        -10,
        0,
        10,
        9500,
        10,
        9500,
        0,
        9501.98669330795,
        -9.800665778412416,
        9503.894183423086,
        -9.210609940028851,
        9505.64642473395,
        -8.253356149096781,
        9507.173560908996,
        -6.967067093471654,
        9508.414709848079,
        -5.403023058681397,
        9509.320390859672,
        -3.6235775447667335,
        9509.854497299884,
        -1.6996714290024075,
        9510,
        0,
        9510,
        790,
        9490,
        0,
        9490,
        790,
        9500,
        790,
        9509.800665778412,
        791.9866933079506,
        9509.210609940028,
        793.8941834230865,
        9508.253356149096,
        795.6464247339503,
        9506.967067093472,
        797.1735609089952,
        9505.403023058681,
        798.4147098480789,
        9503.623577544768,
        799.3203908596722,
        9501.699671429002,
        799.8544972998847
      ],
      "indices": [
        0,
        1,
        2,
        2,
        1,
        3,
        1,
        4,
        5,
        5,
        4,
        6,
        6,
        4,
        7,
        7,
        4,
        8,
        8,
        4,
        9,
        9,
        4,
        10,
        10,
        4,
        11,
        11,
        4,
        12,
        12,
        4,
        13,
        13,
        14,
        15,
        15,
        14,
        16,
        14,
        17,
        18,
        18,
        17,
        19,
        19,
        17,
        20,
        20,
        17,
        21,
        21,
        17,
        22,
        22,
        17,
        23,
        23,
        17,
        24,
        24,
        17,
        25,
        25,
        17,
        26,
        26,
        27,
        28,
        28,
        27,
        29,
        27,
        30,
        27,
        27,
        30,
        31,
        31,
        30,
        32,
        32,
        30,
        33,
        33,
        30,
        34,
        34,
        30,
        35,
        35,
        30,
        36,
        36,
        30,
        37,
        37,
        30,
        38,
        38,
        39,
        40,
        40,
        39,
        41,
        39,
        42,
        39,
        39,
        42,
        43,
        43,
        42,
        44,
        44,
        42,
        45,
        45,
        42,
        46,
        46,
        42,
        47,
        47,
        42,
        48,
        48,
        42,
        49,
        49,
        42,
        0
      ]
    }
  ],
  "bounds": [-10, -10, 9520, 810]
}
