{
  "contours": [
    {
      "fill": {
        "kind": 0,
        "color": 4278229248
      },
      "vertices": [
        0.1875,
        39.34375,
        0.1875,
        48.40625,
        0,
        44,
        0.75,
        34.875,
        0.75,
        52.625,
        1.6875,
        30.59375,
        1.6875,
        56.65625,
        3,
        26.5,
        3,
        60.5,
        4.6875,
        22.59375,
        4.6875,
        64.15625,
        6.75,
        18.875,
        6.75,
        67.625,
        9.1875,
        15.34375,
        9.1875,
        70.90625,
        12,
        12,
        12,
        74,
        15.328125,
        9.1875,
        15.328125,
        77.046875,
        18.8125,
        6.75,
        18.8125,
        79.6875,
        22.453125,
        4.6875,
        22.453125,
        81.921875,
        26.25,
        3,
        26.25,
        83.75,
        30.203125,
        1.6875,
        30.203125,
        85.171875,
        34.3125,
        0.75,
        34.3125,
        86.1875,
        38.578125,
        0.1875,
        38.578125,
        86.796875,
        43,
        0,
        43,
        87,
        47.640625,
        0.1875,
        47.640625,
        86.796875,
        52.0625,
        0.75,
        52.0625,
        86.1875,
        56.265625,
        1.6875,
        56.265625,
        85.171875,
        60.25,
        3,
        60.25,
        83.75,
        64.015625,
        4.6875,
        64.015625,
        81.921875,
        67.5625,
        6.75,
        67.5625,
        79.6875,
        70.890625,
        9.1875,
        70.890625,
        77.046875,
        74,
        12,
        74,
        74,
        78,
        17,
        78,
        70,
        80.109375,
        19.828125,
        80.109375,
        67.1875,
        81.9375,
        22.8125,
        81.9375,
        64.25,
        83.484375,
        25.953125,
        83.484375,
        61.1875,
        84.75,
        29.25,
        84.75,
        58,
        85.734375,
        32.703125,
        85.734375,
        54.6875,
        86.4375,
        36.3125,
        86.4375,
        51.25,
        86.859375,
        40.078125,
        86.859375,
        47.6875,
        87,
        44
      ],
      "indices": [
        0,
        1,
        2,
        1,
        0,
        3,
        1,
        3,
        4,
        4,
        3,
        5,
        4,
        5,
        6,
        6,
        5,
        7,
        6,
        7,
        8,
        8,
        7,
        9,
        8,
        9,
        10,
        10,
        9,
        11,
        10,
        11,
        12,
        12,
        11,
        13,
        12,
        13,
        14,
        14,
        13,
        15,
        14,
        15,
        16,
        16,
        15,
        17,
        16,
        17,
        18,
        18,
        17,
        19,
        18,
        19,
        20,
        20,
        19,
        21,
        20,
        21,
        22,
        22,
        21,
        23,
        22,
        23,
        24,
        24,
        23,
        25,
        24,
        25,
        26,
        26,
        25,
        27,
        26,
        27,
        28,
        28,
        27,
        29,
        28,
        29,
        30,
        30,
        29,
        31,
        30,
        31,
        32,
        32,
        31,
        33,
        32,
        33,
        34,
        34,
        33,
        35,
        34,
        35,
        36,
        36,
        35,
        37,
        36,
        37,
        38,
        38,
        37,
        39,
        38,
        39,
        40,
        40,
        39,
        41,
        40,
        41,
        42,
        42,
        41,
        43,
        42,
        43,
        44,
        44,
        43,
        45,
        44,
        45,
        46,
        46,
        45,
        47,
        46,
        47,
        48,
        48,
        47,
        49,
        48,
        49,
        50,
        50,
        49,
        51,
        50,
        51,
        52,
        52,
        51,
        53,
        52,
        53,
        54,
        54,
        53,
        55,
        54,
        55,
        56,
        56,
        55,
        57,
        56,
        57,
        58,
        58,
        57,
        59,
        58,
        59,
        60,
        60,
        59,
        61,
        60,
        61,
        62,
        62,
        61,
        63,
        62,
        63,
        64,
        64,
        63,
        65
      ]
    }
  ],
  "bounds": [0, 0, 87, 87]
}
