{
  "contours": [
    {
      "fill": {
        "kind": 0,
        "color": 4292730333
      },
      "vertices": [
        -157.28125,
        -15.96875,
        -157.28125,
        15.953125,
        -158,
        0,
        -155.125,
        -31.375,
        -155.125,
        31.3125,
        -151.53125,
        -46.21875,
        -151.53125,
        46.078125,
        -146.5,
        -60.5,
        -146.5,
        60.25,
        -140.03125,
        -74.21875,
        -140.03125,
        73.828125,
        -132.125,
        -87.375,
        -132.125,
        86.8125,
        -122.78125,
        -99.96875,
        -122.78125,
        99.203125,
        -112,
        -112,
        -112,
        111,
        -99.96875,
        -122.78125,
        -99.96875,
        122.015625,
        -87.375,
        -132.125,
        -87.375,
        131.5625,
        -74.21875,
        -140.03125,
        -74.21875,
        139.640625,
        -60.5,
        -146.5,
        -60.5,
        146.25,
        -46.21875,
        -151.53125,
        -46.21875,
        151.390625,
        -31.375,
        -155.125,
        -31.375,
        155.0625,
        -15.96875,
        -157.28125,
        -15.96875,
        157.265625,
        0,
        -158,
        0,
        158,
        15.953125,
        -157.28125,
        15.953125,
        157.265625,
        31.3125,
        -155.125,
        31.3125,
        155.0625,
        46.078125,
        -151.53125,
        46.078125,
        151.390625,
        60.25,
        -146.5,
        60.25,
        146.25,
        73.828125,
        -140.03125,
        73.828125,
        139.640625,
        86.8125,
        -132.125,
        86.8125,
        131.5625,
        99.203125,
        -122.78125,
        99.203125,
        122.015625,
        111,
        -112,
        111,
        111,
        122.015625,
        -99.96875,
        122.015625,
        99.203125,
        131.5625,
        -87.375,
        131.5625,
        86.8125,
        139.640625,
        -74.21875,
        139.640625,
        73.828125,
        146.25,
        -60.5,
        146.25,
        60.25,
        151.390625,
        -46.21875,
        151.390625,
        46.078125,
        155.0625,
        -31.375,
        155.0625,
        31.3125,
        157.265625,
        -15.96875,
        157.265625,
        15.953125,
        158,
        0
      ],
      "indices": [
        0,
        1,
        2,
        1,
        0,
        3,
        1,
        3,
        4,
        4,
        3,
        5,
        4,
        5,
        6,
        6,
        5,
        7,
        6,
        7,
        8,
        8,
        7,
        9,
        8,
        9,
        10,
        10,
        9,
        11,
        10,
        11,
        12,
        12,
        11,
        13,
        12,
        13,
        14,
        14,
        13,
        15,
        14,
        15,
        16,
        16,
        15,
        17,
        16,
        17,
        18,
        18,
        17,
        19,
        18,
        19,
        20,
        20,
        19,
        21,
        20,
        21,
        22,
        22,
        21,
        23,
        22,
        23,
        24,
        24,
        23,
        25,
        24,
        25,
        26,
        26,
        25,
        27,
        26,
        27,
        28,
        28,
        27,
        29,
        28,
        29,
        30,
        30,
        29,
        31,
        30,
        31,
        32,
        32,
        31,
        33,
        32,
        33,
        34,
        34,
        33,
        35,
        34,
        35,
        36,
        36,
        35,
        37,
        36,
        37,
        38,
        38,
        37,
        39,
        38,
        39,
        40,
        40,
        39,
        41,
        40,
        41,
        42,
        42,
        41,
        43,
        42,
        43,
        44,
        44,
        43,
        45,
        44,
        45,
        46,
        46,
        45,
        47,
        46,
        47,
        48,
        48,
        47,
        49,
        48,
        49,
        50,
        50,
        49,
        51,
        50,
        51,
        52,
        52,
        51,
        53,
        52,
        53,
        54,
        54,
        53,
        55,
        54,
        55,
        56,
        56,
        55,
        57,
        56,
        57,
        58,
        58,
        57,
        59,
        58,
        59,
        60,
        60,
        59,
        61,
        60,
        61,
        62,
        62,
        61,
        63
      ]
    },
    {
      "fill": {
        "kind": 0,
        "color": 4281808695
      },
      "vertices": [30, -156, -27, 155, -27, -156, 30, 155],
      "indices": [0, 1, 2, 1, 0, 3]
    }
  ],
  "bounds": [-158, -158, 316, 316]
}
