{
  "contours": [
    {
      "fill": {
        "kind": 0,
        "color": 4294967295
      },
      "vertices": [769, 0, 0, 225, 0, 0, 769, 225],
      "indices": [0, 1, 2, 1, 0, 3]
    },
    {
      "fill": {
        "kind": 0,
        "color": 4282927176
      },
      "vertices": [
        779,
        0,
        779,
        225,
        759,
        0,
        759,
        225,
        769,
        225,
        778.8006657784124,
        226.98669330795062,
        778.2106099400288,
        228.8941834230865,
        777.2533561490968,
        230.64642473395037,
        775.9670670934717,
        232.17356090899523,
        774.4030230586814,
        233.41470984807896,
        772.6235775447667,
        234.32039085967227,
        770.6996714290024,
        234.8544972998846,
        769,
        235,
        0,
        235,
        769,
        215,
        0,
        215,
        0,
        225,
        6.123233995736766e-16,
        235,
        -1.986693307950611,
        234.80066577841242,
        -3.8941834230865036,
        234.21060994002886,
        -5.6464247339503535,
        233.2533561490968,
        -7.173560908995226,
        231.96706709347166,
        -8.414709848078965,
        230.40302305868138,
        -9.320390859672264,
        228.62357754476673,
        -9.854497299884603,
        226.6996714290024,
        -10,
        225,
        -10,
        0,
        10,
        225,
        10,
        0,
        0,
        0,
        -10,
        1.2246467991473533e-15,
        -9.800665778412416,
        -1.9866933079506128,
        -9.210609940028853,
        -3.894183423086503,
        -8.253356149096783,
        -5.6464247339503535,
        -6.967067093471656,
        -7.173560908995226,
        -5.403023058681398,
        -8.414709848078964,
        -3.623577544766735,
        -9.320390859672264,
        -1.699671429002407,
        -9.854497299884603,
        0,
        -10,
        769,
        -10,
        0,
        10,
        769,
        10,
        769,
        0,
        770.9866933079506,
        -9.800665778412416,
        772.8941834230865,
        -9.210609940028851,
        774.6464247339503,
        -8.253356149096781,
        776.1735609089952,
        -6.967067093471654,
        777.4147098480789,
        -5.403023058681397,
        778.3203908596722,
        -3.6235775447667335,
        778.8544972998847,
        -1.6996714290024075
      ],
      "indices": [
        0,
        1,
        2,
        2,
        1,
        3,
        1,
        4,
        1,
        1,
        4,
        5,
        5,
        4,
        6,
        6,
        4,
        7,
        7,
        4,
        8,
        8,
        4,
        9,
        9,
        4,
        10,
        10,
        4,
        11,
        11,
        4,
        12,
        12,
        13,
        14,
        14,
        13,
        15,
        13,
        16,
        17,
        17,
        16,
        18,
        18,
        16,
        19,
        19,
        16,
        20,
        20,
        16,
        21,
        21,
        16,
        22,
        22,
        16,
        23,
        23,
        16,
        24,
        24,
        16,
        25,
        25,
        26,
        27,
        27,
        26,
        28,
        26,
        29,
        30,
        30,
        29,
        31,
        31,
        29,
        32,
        32,
        29,
        33,
        33,
        29,
        34,
        34,
        29,
        35,
        35,
        29,
        36,
        36,
        29,
        37,
        37,
        29,
        38,
        38,
        39,
        40,
        40,
        39,
        41,
        39,
        42,
        39,
        39,
        42,
        43,
        43,
        42,
        44,
        44,
        42,
        45,
        45,
        42,
        46,
        46,
        42,
        47,
        47,
        42,
        48,
        48,
        42,
        49,
        49,
        42,
        0
      ]
    }
  ],
  "bounds": [-10, -10, 789, 245]
}
