{
  "contours": [
    {
      "fill": {
        "kind": 0,
        "color": 4294967295
      },
      "vertices": [895, 0, 0, 320, 0, 0, 895, 320],
      "indices": [0, 1, 2, 1, 0, 3]
    },
    {
      "fill": {
        "kind": 0,
        "color": 4282927176
      },
      "vertices": [
        895,
        330,
        0,
        330,
        895,
        310,
        0,
        310,
        0,
        320,
        6.123233995736766e-16,
        330,
        -1.986693307950611,
        329.8006657784124,
        -3.8941834230865036,
        329.21060994002886,
        -5.6464247339503535,
        328.25335614909676,
        -7.173560908995226,
        326.96706709347166,
        -8.414709848078965,
        325.4030230586814,
        -9.320390859672264,
        323.62357754476676,
        -9.854497299884603,
        321.6996714290024,
        -10,
        320,
        -10,
        0,
        10,
        320,
        10,
        0,
        0,
        0,
        -10,
        1.2246467991473533e-15,
        -9.800665778412416,
        -1.9866933079506128,
        -9.210609940028853,
        -3.894183423086503,
        -8.253356149096783,
        -5.6464247339503535,
        -6.967067093471656,
        -7.173560908995226,
        -5.403023058681398,
        -8.414709848078964,
        -3.623577544766735,
        -9.320390859672264,
        -1.699671429002407,
        -9.854497299884603,
        0,
        -10,
        895,
        -10,
        0,
        10,
        895,
        10,
        895,
        0,
        896.9866933079506,
        -9.800665778412416,
        898.8941834230865,
        -9.210609940028851,
        900.6464247339503,
        -8.253356149096781,
        902.1735609089952,
        -6.967067093471654,
        903.4147098480789,
        -5.403023058681397,
        904.3203908596722,
        -3.6235775447667335,
        904.8544972998847,
        -1.6996714290024075,
        905,
        0,
        905,
        320,
        885,
        0,
        885,
        320,
        895,
        320,
        904.8006657784124,
        321.9866933079506,
        904.2106099400288,
        323.89418342308653,
        903.2533561490968,
        325.64642473395037,
        901.9670670934717,
        327.1735609089952,
        900.4030230586814,
        328.414709848079,
        898.6235775447667,
        329.3203908596723,
        896.6996714290024,
        329.8544972998846
      ],
      "indices": [
        0,
        1,
        2,
        2,
        1,
        3,
        1,
        4,
        5,
        5,
        4,
        6,
        6,
        4,
        7,
        7,
        4,
        8,
        8,
        4,
        9,
        9,
        4,
        10,
        10,
        4,
        11,
        11,
        4,
        12,
        12,
        4,
        13,
        13,
        14,
        15,
        15,
        14,
        16,
        14,
        17,
        18,
        18,
        17,
        19,
        19,
        17,
        20,
        20,
        17,
        21,
        21,
        17,
        22,
        22,
        17,
        23,
        23,
        17,
        24,
        24,
        17,
        25,
        25,
        17,
        26,
        26,
        27,
        28,
        28,
        27,
        29,
        27,
        30,
        27,
        27,
        30,
        31,
        31,
        30,
        32,
        32,
        30,
        33,
        33,
        30,
        34,
        34,
        30,
        35,
        35,
        30,
        36,
        36,
        30,
        37,
        37,
        30,
        38,
        38,
        39,
        40,
        40,
        39,
        41,
        39,
        42,
        39,
        39,
        42,
        43,
        43,
        42,
        44,
        44,
        42,
        45,
        45,
        42,
        46,
        46,
        42,
        47,
        47,
        42,
        48,
        48,
        42,
        49,
        49,
        42,
        0
      ]
    }
  ],
  "bounds": [-10, -10, 915, 340]
}
