{
  "contours": [
    {
      "fill": {
        "kind": 0,
        "color": 4278190080
      },
      "vertices": [
        156,
        34.15625,
        155,
        80,
        154,
        32.625,
        161,
        58,
        158,
        36,
        161,
        37,
        0.90625,
        91.953125,
        0.90625,
        96.203125,
        0.5,
        94.25,
        2.125,
        89.3125,
        2.125,
        97.8125,
        4.15625,
        86.328125,
        4.15625,
        99.078125,
        7,
        83,
        6,
        98,
        39,
        96,
        31,
        57,
        33.3125,
        54.890625,
        35.75,
        53.0625,
        38.3125,
        51.515625,
        41,
        50.25,
        47,
        100,
        43.8125,
        49.265625,
        46.75,
        48.5625,
        49.8125,
        48.140625,
        70,
        103,
        53,
        48,
        66,
        47,
        67.78125,
        46.65625,
        69.625,
        46.625,
        71.53125,
        46.90625,
        103,
        100,
        73.5,
        47.5,
        75.53125,
        48.40625,
        77.625,
        49.625,
        79.78125,
        51.15625,
        82,
        53,
        85.046875,
        52.359375,
        88.1875,
        51.4375,
        91.421875,
        50.234375,
        94.75,
        48.75,
        98.171875,
        46.984375,
        101.6875,
        44.9375,
        105.296875,
        42.609375,
        106,
        80,
        109,
        40,
        108,
        79,
        109.890625,
        76.78125,
        111.546875,
        38.359375,
        111.5625,
        75.125,
        114.1875,
        36.9375,
        113.015625,
        74.03125,
        114.25,
        73.5,
        116.921875,
        35.734375,
        115.265625,
        73.53125,
        116.0625,
        74.125,
        116.640625,
        75.28125,
        117,
        77,
        119.75,
        34.75,
        117.546875,
        88.171875,
        118.6875,
        90.6875,
        120.171875,
        93.296875,
        122.671875,
        33.984375,
        122,
        96,
        127.40625,
        100.921875,
        125.6875,
        33.4375,
        128.796875,
        33.109375,
        133.125,
        105.1875,
        132,
        33,
        142,
        30,
        139.15625,
        108.796875,
        145.5,
        111.75,
        144,
        29.65625,
        146,
        29.625,
        152.15625,
        114.046875,
        148,
        29.90625,
        150,
        30.5,
        152,
        31.40625,
        159.125,
        115.6875,
        156,
        83,
        157.171875,
        85.109375,
        158.6875,
        86.9375,
        160.546875,
        88.484375,
        166.40625,
        116.671875,
        162.75,
        89.75,
        165.296875,
        90.734375,
        168.1875,
        91.4375,
        174,
        117,
        171.421875,
        91.859375,
        175,
        92,
        209,
        106,
        199,
        84,
        200.46875,
        82.78125,
        201.875,
        82.125,
        203.21875,
        82.03125,
        204.5,
        82.5,
        205.71875,
        83.53125,
        206.875,
        85.125,
        207.96875,
        87.28125,
        209,
        90,
        211,
        100,
        116.421875,
        79.046875,
        116.296875,
        83.421875,
        116.1875,
        81.1875,
        116.75,
        85.75,
        7,
        100
      ],
      "indices": [
        0,
        1,
        2,
        1,
        0,
        3,
        3,
        0,
        4,
        3,
        4,
        5,
        6,
        7,
        8,
        7,
        6,
        9,
        7,
        9,
        10,
        10,
        9,
        11,
        10,
        11,
        12,
        12,
        11,
        13,
        12,
        13,
        14,
        14,
        13,
        15,
        15,
        13,
        16,
        15,
        16,
        17,
        15,
        17,
        18,
        15,
        18,
        19,
        15,
        19,
        20,
        15,
        20,
        21,
        21,
        20,
        22,
        21,
        22,
        23,
        21,
        23,
        24,
        21,
        24,
        25,
        25,
        24,
        26,
        25,
        26,
        27,
        25,
        27,
        28,
        25,
        28,
        29,
        25,
        29,
        30,
        25,
        30,
        31,
        31,
        30,
        32,
        31,
        32,
        33,
        31,
        33,
        34,
        31,
        34,
        35,
        31,
        35,
        36,
        31,
        36,
        37,
        31,
        37,
        38,
        31,
        38,
        39,
        31,
        39,
        40,
        31,
        40,
        41,
        31,
        41,
        42,
        31,
        42,
        43,
        31,
        43,
        44,
        44,
        43,
        45,
        44,
        45,
        46,
        46,
        45,
        47,
        47,
        45,
        48,
        47,
        48,
        49,
        49,
        48,
        50,
        49,
        50,
        51,
        51,
        50,
        52,
        52,
        50,
        53,
        52,
        53,
        54,
        54,
        53,
        55,
        55,
        53,
        56,
        56,
        53,
        57,
        57,
        53,
        58,
        57,
        58,
        59,
        59,
        58,
        60,
        60,
        58,
        61,
        61,
        58,
        62,
        61,
        62,
        63,
        63,
        62,
        64,
        64,
        62,
        65,
        64,
        65,
        66,
        64,
        66,
        67,
        67,
        66,
        68,
        67,
        68,
        69,
        67,
        69,
        70,
        70,
        69,
        71,
        71,
        69,
        72,
        71,
        72,
        73,
        71,
        73,
        74,
        74,
        73,
        75,
        74,
        75,
        76,
        74,
        76,
        77,
        74,
        77,
        2,
        74,
        2,
        1,
        74,
        1,
        78,
        78,
        1,
        79,
        78,
        79,
        80,
        78,
        80,
        81,
        78,
        81,
        82,
        78,
        82,
        83,
        83,
        82,
        84,
        83,
        84,
        85,
        83,
        85,
        86,
        83,
        86,
        87,
        87,
        86,
        88,
        87,
        88,
        89,
        87,
        89,
        90,
        90,
        89,
        91,
        90,
        91,
        92,
        90,
        92,
        93,
        90,
        93,
        94,
        90,
        94,
        95,
        90,
        95,
        96,
        90,
        96,
        97,
        90,
        97,
        98,
        90,
        98,
        99,
        90,
        99,
        100,
        101,
        102,
        103,
        102,
        101,
        104,
        104,
        101,
        57,
        104,
        57,
        59,
        105,
        12,
        14
      ]
    }
  ],
  "bounds": [0, 0, 211, 117]
}
