{
  "contours": [
    {
      "fill": {
        "kind": 0,
        "color": 4278190080
      },
      "vertices": [
        47,
        2,
        0,
        17,
        0,
        8,
        8,
        35,
        12,
        50,
        21,
        64,
        41,
        63,
        43,
        61,
        50.546875,
        62.34375,
        49,
        0,
        126,
        2,
        57.6875,
        62.875,
        64.421875,
        62.59375,
        70.75,
        61.5,
        76.671875,
        59.59375,
        82.1875,
        56.875,
        87.296875,
        53.34375,
        92,
        49,
        10,
        55,
        9,
        63,
        8,
        59
      ],
      "indices": [
        0,
        1,
        2,
        1,
        0,
        3,
        3,
        0,
        4,
        4,
        0,
        5,
        5,
        0,
        6,
        6,
        0,
        7,
        7,
        0,
        8,
        8,
        0,
        9,
        8,
        9,
        10,
        8,
        10,
        11,
        11,
        10,
        12,
        12,
        10,
        13,
        13,
        10,
        14,
        14,
        10,
        15,
        15,
        10,
        16,
        16,
        10,
        17,
        18,
        19,
        20,
        19,
        18,
        5,
        5,
        18,
        4
      ]
    },
    {
      "fill": {
        "kind": 0,
        "color": 4278190080
      },
      "vertices": [
        43,
        53,
        42.046875,
        56.1875,
        42,
        55,
        42.1875,
        57.25,
        42.421875,
        58.1875,
        42.75,
        59,
        43.171875,
        59.6875,
        51,
        54,
        43.6875,
        60.25,
        44.296875,
        60.6875,
        45,
        61,
        49,
        58,
        46,
        70,
        48,
        71,
        50,
        76,
        51,
        81,
        49,
        79,
        51,
        69,
        54,
        70,
        53,
        88,
        56,
        95,
        55,
        80,
        59,
        87,
        58,
        91,
        56,
        112,
        58,
        115,
        61,
        97,
        60,
        124,
        63,
        115,
        62,
        103,
        55,
        120,
        55,
        128,
        54,
        123,
        57,
        129
      ],
      "indices": [
        0,
        1,
        2,
        1,
        0,
        3,
        3,
        0,
        4,
        4,
        0,
        5,
        5,
        0,
        6,
        6,
        0,
        7,
        6,
        7,
        8,
        8,
        7,
        9,
        9,
        7,
        10,
        10,
        7,
        11,
        10,
        11,
        12,
        12,
        11,
        13,
        14,
        15,
        16,
        15,
        14,
        17,
        15,
        17,
        18,
        15,
        18,
        19,
        19,
        18,
        20,
        20,
        18,
        21,
        20,
        21,
        22,
        20,
        22,
        23,
        20,
        23,
        24,
        23,
        25,
        24,
        25,
        23,
        26,
        25,
        26,
        27,
        27,
        26,
        28,
        28,
        26,
        29,
        30,
        31,
        32,
        31,
        30,
        25,
        31,
        25,
        33,
        33,
        25,
        27,
        11,
        14,
        13,
        14,
        11,
        17
      ]
    }
  ],
  "bounds": [0, 0, 126, 129]
}
