{
  "contours": [
    {
      "fill": {
        "kind": 0,
        "color": 4278190080
      },
      "vertices": [
        12,
        179,
        6,
        196,
        6,
        195,
        10,
        214,
        12,
        195,
        16,
        202,
        14,
        195,
        12,
        151,
        6.09375,
        163.25,
        6,
        161,
        6.375,
        165.5,
        6.84375,
        167.75,
        7.5,
        170,
        8.34375,
        172.25,
        9.375,
        174.5,
        10.59375,
        176.75,
        21,
        151,
        16,
        184,
        18.984375,
        187.25,
        22.4375,
        190.5,
        35,
        162,
        26.359375,
        193.75,
        30.75,
        197,
        35.609375,
        200.25,
        38.625,
        164.359375,
        40.9375,
        203.5,
        42.5,
        166.4375,
        46.734375,
        206.75,
        46.625,
        168.234375,
        51,
        169.75,
        53,
        210,
        55.625,
        170.984375,
        53,
        219,
        55,
        235,
        57,
        218,
        61,
        225,
        57,
        212,
        57.9375,
        218.109375,
        58.75,
        218.4375,
        59.4375,
        218.984375,
        60,
        219.75,
        60.4375,
        220.734375,
        60.75,
        221.9375,
        60.9375,
        223.359375,
        48.078125,
        223.8125,
        48,
        225,
        48.3125,
        222.75,
        48.703125,
        221.8125,
        49.25,
        221,
        49.953125,
        220.3125,
        50.8125,
        219.75,
        51.828125,
        219.3125,
        1,
        198,
        4,
        214,
        0,
        206,
        60.5,
        171.9375,
        63,
        214,
        65.625,
        172.609375,
        112,
        214,
        71,
        173,
        89,
        173,
        107,
        169,
        111,
        146,
        113,
        127,
        115,
        211,
        122,
        82,
        131,
        210,
        124.46875,
        74.3125,
        126.875,
        67.25,
        129.21875,
        60.8125,
        131.5,
        55,
        237.53125,
        38.28125,
        236,
        180,
        233.625,
        29.625,
        238,
        180,
        241,
        48,
        239,
        178,
        245,
        146,
        242.875,
        54.796875,
        244.5,
        61.6875,
        245.875,
        68.671875,
        246,
        142,
        247,
        75.75,
        249,
        105,
        247.875,
        82.921875,
        248.5,
        90.1875,
        248.875,
        97.546875,
        239,
        253,
        238,
        263,
        237,
        258,
        247,
        263,
        243,
        253,
        241,
        231,
        248,
        253,
        252,
        261,
        252,
        258,
        118,
        234,
        115,
        248,
        114,
        242,
        125,
        249,
        125,
        235,
        129,
        237,
        133,
        224,
        133.71875,
        49.8125,
        137,
        210,
        135.875,
        45.25,
        137.96875,
        41.3125,
        165,
        206,
        140,
        38,
        154,
        15,
        158.015625,
        11.484375,
        162.5625,
        8.4375,
        167.640625,
        5.859375,
        199,
        216,
        173.25,
        3.75,
        179.390625,
        2.109375,
        186.0625,
        0.9375,
        193.265625,
        0.234375,
        201,
        0,
        236,
        230,
        207.53125,
        2.28125,
        213.625,
        5.625,
        219.28125,
        10.03125,
        224.5,
        15.5,
        229.28125,
        22.03125,
        243,
        182,
        244,
        232,
        278,
        182,
        266,
        233,
        305,
        230,
        305,
        174,
        337,
        167,
        305,
        232,
        308,
        229,
        351,
        198,
        342.15625,
        167.203125,
        346.625,
        167.8125,
        350.40625,
        168.828125,
        353.5,
        170.25,
        351,
        223,
        355.90625,
        172.078125,
        355,
        193,
        359,
        180,
        357.625,
        174.3125,
        358.65625,
        176.953125,
        350,
        226,
        361,
        234,
        348,
        234,
        357,
        218,
        362,
        219,
        366,
        227,
        308,
        241,
        310,
        237,
        308,
        253,
        314,
        253,
        311.5,
        236.21875,
        313,
        235.875,
        314.5,
        235.96875,
        316,
        248,
        316,
        236.5,
        317.5,
        237.46875,
        321,
        247,
        319,
        238.875,
        320.5,
        240.71875,
        322,
        243,
        306,
        246,
        130,
        241
      ],