{
  "contours": [
    {
      "fill": {
        "kind": 0,
        "color": 4278190080
      },
      "vertices": [
        53,
        1,
        53.109375,
        78,
        53,
        79,
        53.4375,
        77,
        80,
        4,
        53.984375,
        76,
        54.75,
        75,
        55.734375,
        74,
        56.9375,
        73,
        58.359375,
        72,
        60,
        71,
        74,
        71,
        75,
        72,
        115,
        176,
        115,
        180.125,
        114.25,
        183.03125,
        115.25,
        177.78125,
        90.390625,
        5.390625,
        86,
        80,
        91,
        73,
        100.5625,
        7.0625,
        101,
        73,
        110.515625,
        9.015625,
        106,
        82,
        106.25,
        200.28125,
        109,
        195.125,
        111.25,
        190.53125,
        120.25,
        11.25,
        113,
        186.5,
        116,
        176,
        116.59375,
        179.71875,
        117.375,
        183.375,
        118.34375,
        186.96875,
        119.5,
        190.5,
        120.84375,
        193.96875,
        129.765625,
        13.765625,
        122.375,
        197.375,
        124.09375,
        200.71875,
        126,
        204,
        129.09375,
        194.75,
        131.875,
        185,
        139.0625,
        16.5625,
        134.34375,
        174.75,
        136.5,
        164,
        138.34375,
        152.75,
        139.875,
        141,
        144,
        71,
        148.140625,
        19.640625,
        141.09375,
        128.75,
        142,
        116,
        149,
        49,
        157,
        23,
        155,
        37,
        159,
        26,
        158,
        23,
        6,
        157,
        1,
        192,
        0,
        185,
        11,
        192,
        14,
        127,
        25,
        155,
        23,
        71,
        24.46875,
        63.765625,
        26.375,
        56.5625,
        26,
        155,
        30,
        194,
        28.71875,
        49.390625,
        31.5,
        42.25,
        36,
        193,
        34.71875,
        35.140625,
        38.375,
        28.0625,
        54,
        161,
        42.46875,
        21.015625,
        47,
        14,
        66,
        84,
        54,
        163,
        59,
        183,
        69,
        203,
        71,
        83,
        86,
        167,
        86,
        91,
        87,
        91,
        103,
        206,
        91,
        90,
        92,
        90,
        92,
        89,
        96,
        89,
        99,
        91,
        99,
        89,
        105,
        91
      ],
      "indices": [
        0,
        1,
        2,
        1,
        0,
        3,
        3,
        0,
        4,
        3,
        4,
        5,
        5,
        4,
        6,
        6,
        4,
        7,
        7,
        4,
        8,
        8,
        4,
        9,
        9,
        4,
        10,
        10,
        4,
        11,
        11,
        4,
        12,
        13,
        14,
        15,
        14,
        13,
        16,
        17,
        18,
        4,
        18,
        17,
        19,
        19,
        17,
        20,
        19,
        20,
        21,
        21,
        20,
        22,
        21,
        22,
        23,
        23,
        22,
        24,
        24,
        22,
        25,
        25,
        22,
        26,
        26,
        22,
        27,
        26,
        27,
        28,
        28,
        27,
        15,
        15,
        27,
        13,
        13,
        27,
        29,
        29,
        27,
        30,
        30,
        27,
        31,
        31,
        27,
        32,
        32,
        27,
        33,
        33,
        27,
        34,
        34,
        27,
        35,
        34,
        35,
        36,
        36,
        35,
        37,
        37,
        35,
        38,
        38,
        35,
        39,
        39,
        35,
        40,
        40,
        35,
        41,
        40,
        41,
        42,
        42,
        41,
        43,
        43,
        41,
        44,
        44,
        41,
        45,
        45,
        41,
        46,
        46,
        41,
        47,
        45,
        46,
        48,
        48,
        46,
        49,
        46,
        47,
        50,
        50,
        47,
        51,
        50,
        51,
        52,
        52,
        51,
        53,
        53,
        51,
        54,
        55,
        56,
        57,
        56,
        55,
        58,
        58,
        55,
        59,
        58,
        59,
        60,
        60,
        59,
        61,
        60,
        61,
        62,
        60,
        62,
        63,
        60,
        63,
        64,
        64,
        63,
        65,
        65,
        63,
        66,
        65,
        66,
        67,
        65,
        67,
        68,
        68,
        67,
        69,
        68,
        69,
        70,
        68,
        70,
        71,
        71,
        70,
        72,
        71,
        72,
        73,
        71,
        73,
        2,
        2,
        73,
        0,
        71,
        2,
        74,
        71,
        74,
        75,
        75,
        74,
        76,
        76,
        74,
        77,
        77,
        74,
        78,
        77,
        78,
        79,
        79,
        78,
        12,
        79,
        12,
        4,
        79,
        4,
        18,
        79,
        18,
        80,
        79,
        80,
        81,
        79,
        81,
        82,
        82,
        81,
        83,
        82,
        83,
        84,
        84,
        83,
        85,
        82,
        84,
        86,
        82,
        86,
        87,
        87,
        86,
        88,
        82,
        87,
        89,
        82,
        89,
        24,
        24,
        89,
        23
      ]
    }
  ],
  "bounds": [0, 0, 159, 206]
}
