{
  "contours": [
    {
      "fill": {
        "kind": 0,
        "color": 4278190080
      },
      "vertices": [
        13,
        212,
        11,
        250,
        4,
        234,
        6,
        258,
        0.109375,
        272.421875,
        0,
        271,
        0.4375,
        273.6875,
        0.984375,
        274.796875,
        1.75,
        275.75,
        2.734375,
        276.546875,
        3.9375,
        277.1875,
        5.359375,
        277.671875,
        7,
        278,
        30,
        278,
        17.234375,
        210.578125,
        21.4375,
        208.8125,
        25.609375,
        206.703125,
        29.75,
        204.25,
        33.859375,
        201.453125,
        56,
        269,
        37.9375,
        198.3125,
        41.984375,
        194.828125,
        46,
        191,
        48,
        191,
        49,
        194,
        49.171875,
        195.578125,
        49.6875,
        197.3125,
        50.546875,
        199.203125,
        51.75,
        201.25,
        53.296875,
        203.453125,
        55.1875,
        205.8125,
        57.421875,
        208.328125,
        60.328125,
        268.1875,
        60,
        211,
        63.515625,
        214,
        64.3125,
        267.25,
        67.0625,
        216.5,
        67.953125,
        266.1875,
        70.640625,
        218.5,
        71.25,
        265,
        74.25,
        220,
        74.203125,
        263.6875,
        76.8125,
        262.25,
        77.890625,
        221,
        79.078125,
        260.6875,
        81.5625,
        221.5,
        81,
        259,
        96,
        235,
        85.265625,
        221.5,
        89,
        221,
        90.640625,
        221.875,
        92.0625,
        223,
        93.265625,
        224.375,
        94.25,
        226,
        95.015625,
        227.875,
        95.5625,
        230,
        95.890625,
        232.375,
        41,
        140,
        42,
        147,
        38,
        146,
        44,
        132,
        60,
        150,
        51,
        117,
        51.15625,
        114.40625,
        51.625,
        112.125,
        52.40625,
        110.15625,
        53.5,
        108.5,
        54.90625,
        107.15625,
        56.625,
        106.125,
        58.65625,
        105.40625,
        61,
        105,
        61,
        150,
        61,
        147,
        71,
        109,
        66,
        148,
        159,
        190,
        89,
        116,
        93,
        117,
        93.609375,
        114.984375,
        94.4375,
        112.9375,
        95.484375,
        110.859375,
        96.75,
        108.75,
        98.234375,
        106.609375,
        99.9375,
        104.4375,
        101.859375,
        102.234375,
        104,
        100,
        107,
        90,
        115,
        84,
        131,
        57,
        136.265625,
        48.671875,
        141.5625,
        40.6875,
        146.890625,
        33.046875,
        152.25,
        25.75,
        157.640625,
        18.796875,
        163.0625,
        12.1875,
        163,
        150,
        203,
        88,
        168.515625,
        5.921875,
        174,
        0,
        177,
        6,
        190.59375,
        8.046875,
        202.375,
        10.1875,
        212.34375,
        12.421875,
        210.5,
        75.203125,
        217,
        63.8125,
        220.5,
        14.75,
        222.5,
        53.828125,
        226.84375,
        17.171875,
        227,
        45.25,
        231.375,
        19.6875,
        230.5,
        38.078125,
        233,
        32.3125,
        234.09375,
        22.296875,
        234.5,
        27.953125,
        235,
        25,
        173,
        179,
        192,
        162
      ],
      "indices": [
        0,
        1,
        2,
        3,
        4,
        5,
        4,
        3,
        6,
        6,
        3,
        7,
        7,
        3,
        8,
        8,
        3,
        9,
        9,
        3,
        10,
        10,
        3,
        11,
        11,
        3,
        12,
        12,
        3,
        1,
        12,
        1,
        13,
        13,
        1,
        0,
        13,
        0,
        14,
        13,
        14,
        15,
        13,
        15,
        16,
        13,
        16,
        17,
        13,
        17,
        18,
        13,
        18,
        19,
        19,
        18,
        20,
        19,
        20,
        21,
        19,
        21,
        22,
        19,
        22,
        23,
        19,
        23,
        24,
        19,
        24,
        25,
        19,
        25,
        26,
        19,
        26,
        27,
        19,
        27,
        28,
        19,
        28,
        29,
        19,
        29,
        30,
        19,
        30,
        31,
        19,
        31,
        32,
        32,
        31,
        33,
        32,
        33,
        34,
        32,
        34,
        35,
        35,
        34,
        36,
        35,
        36,
        37,
        37,
        36,
        38,
        37,
        38,
        39,
        39,
        38,
        40,
        39,
        40,
        41,
        41,
        40,
        42,
        42,
        40,
        43,
        42,
        43,
        44,
        44,
        43,
        45,
        44,
        45,
        46,
        46,
        45,
        47,
        47,
        45,
        48,
        47,
        48,
        49,
        47,
        49,
        50,
        47,
        50,
        51,
        47,
        51,
        52,
        47,
        52,
        53,
        47,
        53,
        54,
        47,
        54,
        55,
        47,
        55,
        56,
        57,
        58,
        59,
        58,
        57,
        60,
        58,
        60,
        61,
        61,
        60,
        62,
        61,
        62,
        63,
        61,
        63,
        64,
        61,
        64,
        65,
        61,
        65,
        66,
        61,
        66,
        67,
        61,
        67,
        68,
        61,
        68,
        69,
        61,
        69,
        70,
        61,
        70,
        71,
        71,
        70,
        72,
        73,
        72,
        70,
        72,
        73,
        74,
        74,
        73,
        75,
        75,
        73,
        76,
        75,
        76,
        77,
        75,
        77,
        78,
        75,
        78,
        79,
        75,
        79,
        80,
        75,
        80,
        81,
        75,
        81,
        82,
        75,
        82,
        83,
        75,
        83,
        84,
        75,
        84,
        85,
        75,
        85,
        86,
        75,
        86,
        87,
        75,
        87,
        88,
        75,
        88,
        89,
        75,
        89,
        90,
        75,
        90,
        91,
        75,
        91,
        92,
        75,
        92,
        93,
        75,
        93,
        94,
        75,
        94,
        95,
        95,
        94,
        96,
        96,
        94,
        97,
        96,
        97,
        98,
        96,
        98,
        99,
        96,
        99,
        100,
        96,
        100,
        101,
        96,
        101,
        102,
        96,
        102,
        103,
        103,
        102,
        104,
        104,
        102,
        105,
        104,
        105,
        106,
        106,
        105,
        107,
        106,
        107,
        108,
        108,
        107,
        109,
        108,
        109,
        110,
        110,
        109,
        111,
        111,
        109,
        112,
        111,
        112,
        113,
        113,
        112,
        114,
        95,
        115,
        75,
        115,
        95,
        116
      ]
    }
  ],
  "bounds": [0, 0, 235, 278]
}
