{
  "contours": [
    {
      "fill": {
        "kind": 0,
        "color": 4278190080
      },
      "vertices": [
        0.171875,
        175.0625,
        0.234375,
        182.15625,
        0,
        178,
        0.6875,
        172.25,
        0.9375,
        186.625,
        1.546875,
        169.5625,
        2.109375,
        191.40625,
        2.75,
        167,
        3.75,
        196.5,
        4.296875,
        164.5625,
        5.859375,
        201.90625,
        6.1875,
        162.25,
        8.4375,
        207.625,
        8.421875,
        160.0625,
        11,
        158,
        11.484375,
        213.65625,
        15.046875,
        155.234375,
        15,
        220,
        19.53125,
        227.03125,
        19.6875,
        152.9375,
        24.125,
        233.125,
        24.921875,
        151.109375,
        28.78125,
        238.28125,
        30.75,
        149.75,
        33.5,
        242.5,
        37.171875,
        148.859375,
        38.28125,
        245.78125,
        44.1875,
        148.4375,
        43.125,
        248.125,
        48.03125,
        249.53125,
        51.796875,
        148.484375,
        53,
        250,
        60,
        149,
        98,
        250,
        66.875,
        150.09375,
        73.5,
        151.375,
        79.875,
        152.84375,
        86,
        154.5,
        91.875,
        156.34375,
        97.5,
        158.375,
        102.875,
        160.59375,
        98,
        252,
        49.046875,
        47.875,
        49.34375,
        58.109375,
        49,
        51,
        49.1875,
        45,
        49.421875,
        42.375,
        50.375,
        65.4375,
        49.75,
        40,
        50.171875,
        37.875,
        50.6875,
        36,
        52.09375,
        72.984375,
        51.296875,
        34.375,
        52,
        33,
        74,
        10,
        54.5,
        80.75,
        57.59375,
        88.734375,
        61.375,
        96.9375,
        65.84375,
        105.359375,
        71,
        114,
        108,
        163,
        82.296875,
        4.734375,
        90.6875,
        1.4375,
        99.171875,
        0.109375,
        107.75,
        0.75,
        116.421875,
        3.359375,
        283.125,
        35.234375,
        274,
        166,
        274,
        33,
        294,
        154,
        291.5,
        37.9375,
        299.125,
        41.109375,
        303.140625,
        147.4375,
        306,
        44.75,
        311.0625,
        140.75,
        312.125,
        48.859375,
        317.765625,
        133.9375,
        317.5,
        53.4375,
        322.125,
        58.484375,
        323.25,
        127,
        326,
        64,
        327.515625,
        119.9375,
        327.640625,
        67.15625,
        330.5625,
        112.75,
        329.0625,
        70.625,
        330.265625,
        74.40625,
        331.25,
        78.5,
        332.390625,
        105.4375,
        332.015625,
        82.90625,
        332.5625,
        87.625,
        333,
        98,
        332.890625,
        92.65625,
        220.953125,
        47.546875,
        218,
        279,
        217,
        50,
        223.6875,
        280.8125,
        225.8125,
        45.1875,
        229.25,
        282.75,
        231.578125,
        42.921875,
        234.6875,
        284.8125,
        238.25,
        40.75,
        240,
        287,
        245.828125,
        38.671875,
        245.1875,
        289.3125,
        250.25,
        291.75,
        254.3125,
        36.6875,
        255.1875,
        294.3125,
        263.703125,
        34.796875,
        260,
        297,
        281,
        297,
        298,
        166,
        324,
        264,
        302.140625,
        167.765625,
        306.0625,
        170.0625,
        309.765625,
        172.890625,
        313.25,
        176.25,
        316.515625,
        180.140625,
        319.5625,
        184.5625,
        322.390625,
        189.515625,
        325,
        195,
        325.875,
        260.84375,
        326.640625,
        199.265625,
        327.5,
        257.375,
        328.0625,
        203.5625,
        328.875,
        253.59375,
        329.265625,
        207.890625,
        330,
        249.5,
        330.25,
        212.25,
        330.875,
        245.09375,
        331.015625,
        216.640625,
        331.5,
        240.375,
        331.5625,
        221.0625,
        331.875,
        235.34375,
        331.890625,
        225.515625,
        332,
        230,
        125.1875,
        7.9375,
        121,
        197,
        121.203125,
        192.578125,
        121.8125,
        188.3125,
        122.828125,
        184.203125,
        124.25,
        180.25,
        126.078125,
        176.453125,
        134.046875,
        14.484375,
        128.3125,
        172.8125,
        130.953125,
        169.328125,
        134,
        166,
        137.3125,
        163.1875,
        143,
        23,
        140.75,
        160.75,
        144.3125,
        158.6875,
        149.34375,
        33.921875,
        148,
        157,
        151.8125,
        155.6875,
        154.875,
        44.6875,
        155.75,
        154.75,
        159.59375,
        55.296875,
        159.8125,
        154.1875,
        163.5,
        65.75,
        164,
        154,
        166.59375,
        76.046875,
        168.421875,
        154.1875,
        168.875,
        86.1875,
        172.6875,
        154.75,
        170.34375,
        96.171875,
        171,
        106,
        172,
        108,
        182,
        89,
        176.796875,
        155.6875,
        180.75,
        157,
        184.546875,
        158.6875,
        183.984375,
        85.640625,
        185.9375,
        82.5625,
        188.1875,
        160.75,
        187.859375,
        79.765625,
        189.75,
        77.25,
        191.671875,
        163.1875,
        191.609375,
        75.015625,
        193.4375,
        73.0625,
        195,
        166,
        195.234375,
        71.390625,
        198.046875,
        169.328125,
        197,
        70,
        200.6875,
        172.8125,
        202.921875,
        176.453125,
        204.75,
        180.25,
        206.171875,
        184.203125,
        207.1875,
        188.3125,
        207.796875,
        192.578125,
        208,
        197,
        209.796875,
        318.6875,
        213.75,
        311,
        216.546875,
        303.1875,
        218.1875,
        295.25,
        218.671875,
        287.1875,
        61.09375,
        321.1875,
        63,
        348,
        61,
        327,
        61.375,
        315.75,
        61.84375,
        310.6875,
        62.5,
        306,
        63.34375,
        301.6875,
        64.53125,
        351.09375,
        64.375,
        297.75,
        65.59375,
        294.1875,
        66.625,
        353.875,
        67,
        291,
        69.28125,
        356.34375,
        72.5,
        358.5,
        76.28125,
        360.34375,
        80.625,
        361.875,
        85.53125,
        363.09375,
        91,
        364,
        91,
        365,
        142,
        365,
        121.203125,
        201.421875,
        121.8125,
        205.6875,
        122.828125,
        209.796875,
        124.25,
        213.75,
        126.078125,
        217.546875,
        128.3125,
        221.1875,
        130.953125,
        224.671875,
        134,
        228,
        137.3125,
        231.046875,
        140.75,
        233.6875,
        144.3125,
        235.921875,
        147.359375,
        365.0625,
        148,
        237.75,
        152.9375,
        364.25,
        151.8125,
        239.171875,
        155.75,
        240.1875,
        158.734375,
        362.5625,
        159.8125,
        240.796875,
        164.75,
        360,
        164,
        241,
        168.421875,
        240.796875,
