{
  "contours": [
    {
      "fill": {
        "kind": 0,
        "color": 4278190080
      },
      "vertices": [
        0.703125,
        39.890625,
        28,
        77,
        0,
        42,
        2.8125,
        37.5625,
        6.328125,
        35.015625,
        11.25,
        32.25,
        17.578125,
        29.265625,
        25.3125,
        26.0625,
        34.453125,
        22.640625,
        42,
        95,
        45,
        19,
        54,
        112,
        102,
        3,
        57.5,
        105.5,
        57.09375,
        106.78125,
        56.875,
        108.125,
        56.84375,
        109.53125,
        58.09375,
        104.28125,
        58.875,
        103.125,
        59.84375,
        102.03125,
        61,
        101,
        75,
        97,
        78.75,
        97.15625,
        82.5,
        97.625,
        86.25,
        98.40625,
        90,
        99.5,
        93.75,
        100.90625,
        97.5,
        102.625,
        101.25,
        104.65625,
        105,
        107,
        104,
        1,
        132,
        0,
        121,
        119,
        140,
        115,
        146.109375,
        1.28125,
        141.375,
        113.890625,
        143.5,
        112.5625,
        146.375,
        111.015625,
        158.9375,
        3.125,
        150,
        109.25,
        154.375,
        107.265625,
        159.5,
        105.0625,
        170.484375,
        5.53125,
        165.375,
        102.640625,
        172,
        100,
        180.75,
        8.5,
        207,
        85,
        189.734375,
        12.03125,
        197.4375,
        16.125,
        203.859375,
        20.78125,
        209,
        26,
        223,
        84,
        211.40625,
        29.171875,
        213.625,
        32.6875,
        215.65625,
        36.546875,
        217.5,
        40.75,
        219.15625,
        45.296875,
        220.625,
        50.1875,
        221.90625,
        55.421875,
        223,
        61,
        57,
        111
      ],
      "indices": [
        0,
        1,
        2,
        1,
        0,
        3,
        1,
        3,
        4,
        1,
        4,
        5,
        1,
        5,
        6,
        1,
        6,
        7,
        1,
        7,
        8,
        1,
        8,
        9,
        9,
        8,
        10,
        9,
        10,
        11,
        11,
        10,
        12,
        11,
        12,
        13,
        11,
        13,
        14,
        11,
        14,
        15,
        11,
        15,
        16,
        13,
        12,
        17,
        17,
        12,
        18,
        18,
        12,
        19,
        19,
        12,
        20,
        20,
        12,
        21,
        21,
        12,
        22,
        22,
        12,
        23,
        23,
        12,
        24,
        24,
        12,
        25,
        25,
        12,
        26,
        26,
        12,
        27,
        27,
        12,
        28,
        28,
        12,
        29,
        29,
        12,
        30,
        29,
        30,
        31,
        29,
        31,
        32,
        32,
        31,
        33,
        33,
        31,
        34,
        33,
        34,
        35,
        35,
        34,
        36,
        36,
        34,
        37,
        37,
        34,
        38,
        37,
        38,
        39,
        39,
        38,
        40,
        40,
        38,
        41,
        41,
        38,
        42,
        41,
        42,
        43,
        43,
        42,
        44,
        44,
        42,
        45,
        44,
        45,
        46,
        46,
        45,
        47,
        46,
        47,
        48,
        46,
        48,
        49,
        46,
        49,
        50,
        46,
        50,
        51,
        51,
        50,
        52,
        51,
        52,
        53,
        51,
        53,
        54,
        51,
        54,
        55,
        51,
        55,
        56,
        51,
        56,
        57,
        51,
        57,
        58,
        51,
        58,
        59,
        60,
        11,
        16
      ]
    }
  ],
  "bounds": [0, 0, 223, 119]
}
