{
  "contours": [
    {
      "fill": {
        "kind": 0,
        "color": 4281532671
      },
      "vertices": [
        -116,
        -276,
        -118,
        -208,
        -122.625,
        -271.5625,
        -110,
        -233,
        -108.125,
        -278.0625,
        -94,
        -252,
        -99,
        -277.75,
        -88.625,
        -275.0625,
        -87.3125,
        -251.578125,
        -77,
        -270,
        -80.75,
        -250.3125,
        -74.3125,
        -248.203125,
        -66.546875,
        -266.65625,
        -68,
        -245.25,
        -61.8125,
        -241.453125,
        -55.6875,
        -261.125,
        -55.75,
        -236.8125,
        -49.8125,
        -231.328125,
        -44.421875,
        -253.40625,
        -44,
        -225,
        -32.75,
        -243.5,
        -39.75,
        -219.859375,
        -36,
        -214.9375,
        -32.75,
        -210.234375,
        -20.671875,
        -231.40625,
        -30,
        -205.75,
        -27.75,
        -201.484375,
        -26,
        -197.4375,
        -24.75,
        -193.609375,
        -24,
        -190,
        -142.875,
        -212.171875,
        -135,
        -153,
        -143,
        -207,
        -142.5,
        -217.1875,
        -141.875,
        -222.046875,
        -141,
        -226.75,
        -139.875,
        -231.296875,
        -138.5,
        -235.6875,
        -136.875,
        -239.921875,
        -135,
        -244,
        -132.125,
        -255.5625,
        -102,
        -88,
        -128,
        -264.75,
        -109,
        -181,
        -101,
        -162,
        -94.265625,
        -72.140625,
        -87.5625,
        -58.0625,
        -81.890625,
        -45.765625,
        -77.25,
        -35.25,
        -73.640625,
        -26.515625,
        -71.0625,
        -19.5625,
        -69.515625,
        -14.390625,
        -69,
        -11,
        -64,
        -3,
        -59,
        0,
        -51.609375,
        -0.390625,
        -43.4375,
        -1.5625,
        -34.484375,
        -3.515625,
        -24.75,
        -6.25,
        -14.234375,
        -9.765625,
        -8.1875,
        -217.125,
        -2.9375,
        -14.0625,
        4.703125,
        -200.65625,
        9.140625,
        -19.140625,
        18,
        -182,
        22,
        -25,
        31.359375,
        -161.96875,
        34.421875,
        -31.046875,
        42.9375,
        -143.375,
        45.1875,
        -36.6875,
        52.734375,
        -126.21875,
        54.296875,
        -41.921875,
        60.75,
        -110.5,
        61.75,
        -46.75,
        66.984375,
        -96.21875,
        67.546875,
        -51.171875,
        71.4375,
        -83.375,
        71.6875,
        -55.1875,
        74.109375,
        -71.96875,
        74.171875,
        -58.796875,
        75,
        -62
      ],
      "indices": [
        0,
        1,
        2,
        1,
        0,
        3,
        3,
        0,
        4,
        3,
        4,
        5,
        5,
        4,
        6,
        5,
        6,
        7,
        5,
        7,
        8,
        8,
        7,
        9,
        8,
        9,
        10,
        10,
        9,
        11,
        11,
        9,
        12,
        11,
        12,
        13,
        13,
        12,
        14,
        14,
        12,
        15,
        14,
        15,
        16,
        16,
        15,
        17,
        17,
        15,
        18,
        17,
        18,
        19,
        19,
        18,
        20,
        19,
        20,
        21,
        21,
        20,
        22,
        22,
        20,
        23,
        23,
        20,
        24,
        23,
        24,
        25,
        25,
        24,
        26,
        26,
        24,
        27,
        27,
        24,
        28,
        28,
        24,
        29,
        30,
        31,
        32,
        31,
        30,
        33,
        31,
        33,
        34,
        31,
        34,
        35,
        31,
        35,
        36,
        31,
        36,
        37,
        31,
        37,
        38,
        31,
        38,
        39,
        31,
        39,
        40,
        31,
        40,
        41,
        41,
        40,
        42,
        41,
        42,
        1,
        1,
        42,
        2,
        41,
        1,
        43,
        41,
        43,
        44,
        41,
        44,
        45,
        45,
        44,
        29,
        45,
        29,
        46,
        46,
        29,
        47,
        47,
        29,
        48,
        48,
        29,
        49,
        49,
        29,
        50,
        50,
        29,
        51,
        51,
        29,
        52,
        52,
        29,
        53,
        53,
        29,
        54,
        54,
        29,
        55,
        55,
        29,
        56,
        56,
        29,
        57,
        57,
        29,
        58,
        58,
        29,
        59,
        59,
        29,
        24,
        59,
        24,
        60,
        59,
        60,
        61,
        61,
        60,
        62,
        61,
        62,
        63,
        63,
        62,
        64,
        63,
        64,
        65,
        65,
        64,
        66,
        65,
        66,
        67,
        67,
        66,
        68,
        67,
        68,
        69,
        69,
        68,
        70,
        69,
        70,
        71,
        71,
        70,
        72,
        71,
        72,
        73,
        73,
        72,
        74,
        73,
        74,
        75,
        75,
        74,
        76,
        75,
        76,
        77,
        77,
        76,
        78,
        77,
        78,
        79,
        79,
        78,
        80
      ]
    }
  ],
  "bounds": [-143, -278.0625, 218, 278.0625]
}
