{
  "contours": [
    {
      "fill": {
        "kind": 0,
        "color": 4281532671
      },
      "vertices": [
        -9.75,
        -283.734375,
        -22,
        -147,
        -27,
        -283.75,
        -16.4375,
        -156.078125,
        -9.75,
        -163.3125,
        7.5,
        -281.9375,
        -1.9375,
        -168.703125,
        7,
        -172.25,
        17.0625,
        -173.953125,
        24.75,
        -278.359375,
        28.25,
        -173.8125,
        42,
        -273,
        40.5625,
        -171.828125,
        54,
        -168,
        55.640625,
        -267.578125,
        58.703125,
        -180.625,
        68.5625,
        -261.3125,
        64.8125,
        -191,
        72.328125,
        -199.125,
        80.765625,
        -254.203125,
        81.25,
        -205,
        92.25,
        -246.25,
        91.578125,
        -208.625,
        103.3125,
        -210,
        103.015625,
        -237.453125,
        113.0625,
        -227.8125,
        116.453125,
        -209.125,
        122.390625,
        -217.328125,
        131,
        -206,
        -197.328125,
        -120.53125,
        -198.078125,
        -92.53125,
        -198.25,
        -106.5,
        -196.8125,
        -78.625,
        -195.3125,
        -134.625,
        -194.453125,
        -64.78125,
        -192.203125,
        -148.78125,
        -191,
        -51,
        -188,
        -163,
        -185.796875,
        -64.296875,
        -181.09375,
        -180.140625,
        -179.1875,
        -75.1875,
        -172.875,
        -196.0625,
        -171.171875,
        -83.671875,
        -163.34375,
        -210.765625,
        -161.75,
        -89.75,
        -152.5,
        -224.25,
        -150.921875,
        -93.421875,
        -140.34375,
        -236.515625,
        -138.6875,
        -94.6875,
        -126.875,
        -247.5625,
        -125.046875,
        -93.546875,
        -112.09375,
        -257.390625,
        -110,
        -90,
        -96,
        -266,
        -107.40625,
        -101.796875,
        -103.125,
        -111.6875,
        -97.15625,
        -119.671875,
        -89.5,
        -125.75,
        -78.75,
        -273.109375,
        -80.15625,
        -129.921875,
        -69.125,
        -132.1875,
        -61.5,
        -278.4375,
        -56.40625,
        -132.546875,
        -44.25,
        -281.984375,
        -42,
        -131,
        80,
        124,
        103,
        114
      ],
      "indices": [
        0,
        1,
        2,
        1,
        0,
        3,
        3,
        0,
        4,
        4,
        0,
        5,
        4,
        5,
        6,
        6,
        5,
        7,
        7,
        5,
        8,
        8,
        5,
        9,
        8,
        9,
        10,
        10,
        9,
        11,
        10,
        11,
        12,
        12,
        11,
        13,
        13,
        11,
        14,
        13,
        14,
        15,
        15,
        14,
        16,
        15,
        16,
        17,
        17,
        16,
        18,
        18,
        16,
        19,
        18,
        19,
        20,
        20,
        19,
        21,
        20,
        21,
        22,
        22,
        21,
        23,
        23,
        21,
        24,
        23,
        24,
        25,
        23,
        25,
        26,
        26,
        25,
        27,
        26,
        27,
        28,
        29,
        30,
        31,
        30,
        29,
        32,
        32,
        29,
        33,
        32,
        33,
        34,
        34,
        33,
        35,
        34,
        35,
        36,
        36,
        35,
        37,
        36,
        37,
        38,
        38,
        37,
        39,
        38,
        39,
        40,
        40,
        39,
        41,
        40,
        41,
        42,
        42,
        41,
        43,
        42,
        43,
        44,
        44,
        43,
        45,
        44,
        45,
        46,
        46,
        45,
        47,
        46,
        47,
        48,
        48,
        47,
        49,
        48,
        49,
        50,
        50,
        49,
        51,
        50,
        51,
        52,
        52,
        51,
        53,
        52,
        53,
        54,
        54,
        53,
        55,
        55,
        53,
        56,
        56,
        53,
        57,
        57,
        53,
        58,
        57,
        58,
        59,
        59,
        58,
        60,
        60,
        58,
        61,
        60,
        61,
        62,
        62,
        61,
        63,
        62,
        63,
        64,
        64,
        63,
        2,
        64,
        2,
        1,
        64,
        1,
        65,
        65,
        1,
        66
      ]
    }
  ],
  "bounds": [-198.25, -283.75, 329.25, 407.75]
}
