{
  "contours": [
    {
      "fill": {
        "kind": 0,
        "color": 4281532671
      },
      "vertices": [
        -354,
        -63,
        -313,
        -5,
        -371,
        -50,
        -311,
        -90,
        -269,
        13,
        -303,
        -92,
        -273,
        -110,
        -240,
        -141,
        -257,
        27,
        -239,
        36,
        -231,
        -162,
        -227,
        47,
        -275,
        -272,
        -275.375,
        -248.9375,
        -275.84375,
        -260.234375,
        -273.59375,
        -238.109375,
        -274.34375,
        -276.203125,
        -273.375,
        -280.3125,
        -270.5,
        -227.75,
        -272.09375,
        -284.328125,
        -270.5,
        -288.25,
        -268.59375,
        -292.078125,
        -266.09375,
        -217.859375,
        -266.375,
        -295.8125,
        -263.84375,
        -299.453125,
        -260.375,
        -208.4375,
        -261,
        -303,
        -248,
        -319,
        -253.34375,
        -199.484375,
        -245,
        -191,
        -238,
        -324,
        -241.9375,
        -188.140625,
        -239.25,
        -185.0625,
        -236.9375,
        -181.765625,
        -210,
        -347,
        -235,
        -178.25,
        -233.4375,
        -174.515625,
        -232.25,
        -170.5625,
        -231.4375,
        -166.390625,
        -205,
        56,
        -187,
        -226,
        -181,
        -246,
        20,
        -10,
        -190,
        66,
        -3,
        7,
        -186.515625,
        -217.984375,
        -145,
        88,
        -185.0625,
        -210.4375,
        -182.640625,
        -203.359375,
        -179.25,
        -196.75,
        -174.890625,
        -190.609375,
        -169.5625,
        -184.9375,
        -163.265625,
        -179.734375,
        -156,
        -175,
        -131,
        -159,
        -128,
        88,
        -113,
        -137,
        -121,
        71,
        -103,
        -17,
        -108.515625,
        -131.140625,
        -104.5625,
        -125.0625,
        -101.140625,
        -118.765625,
        -99.765625,
        -25.703125,
        -98.25,
        -112.25,
        -97.0625,
        -34.3125,
        -95.890625,
        -105.515625,
        -94.890625,
        -42.828125,
        -94.0625,
        -98.5625,
        -93.25,
        -51.25,
        -92.765625,
        -91.390625,
        -92.140625,
        -59.578125,
        -92,
        -84,
        -91.5625,
        -67.8125,
        -91.515625,
        -75.953125
      ],
      "indices": [
        0,
        1,
        2,
        1,
        0,
        3,
        1,
        3,
        4,
        4,
        3,
        5,
        4,
        5,
        6,
        4,
        6,
        7,
        4,
        7,
        8,
        8,
        7,
        9,
        9,
        7,
        10,
        9,
        10,
        11,
        12,
        13,
        14,
        13,
        12,
        15,
        15,
        12,
        16,
        15,
        16,
        17,
        15,
        17,
        18,
        18,
        17,
        19,
        18,
        19,
        20,
        18,
        20,
        21,
        18,
        21,
        22,
        22,
        21,
        23,
        22,
        23,
        24,
        22,
        24,
        25,
        25,
        24,
        26,
        25,
        26,
        27,
        25,
        27,
        28,
        28,
        27,
        29,
        29,
        27,
        30,
        29,
        30,
        31,
        31,
        30,
        32,
        32,
        30,
        33,
        33,
        30,
        34,
        33,
        34,
        35,
        35,
        34,
        36,
        36,
        34,
        37,
        37,
        34,
        38,
        38,
        34,
        10,
        10,
        34,
        11,
        11,
        34,
        39,
        39,
        34,
        40,
        40,
        34,
        41,
        41,
        34,
        42,
        39,
        40,
        43,
        41,
        42,
        44,
        43,
        45,
        46,
        45,
        43,
        40,
        46,
        45,
        47,
        46,
        47,
        48,
        46,
        48,
        49,
        46,
        49,
        50,
        46,
        50,
        51,
        46,
        51,
        52,
        46,
        52,
        53,
        46,
        53,
        54,
        46,
        54,
        55,
        55,
        54,
        56,
        55,
        56,
        57,
        57,
        56,
        58,
        58,
        56,
        59,
        58,
        59,
        60,
        58,
        60,
        61,
        58,
        61,
        62,
        62,
        61,
        63,
        62,
        63,
        64,
        64,
        63,
        65,
        64,
        65,
        66,
        66,
        65,
        67,
        66,
        67,
        68,
        68,
        67,
        69,
        68,
        69,
        70,
        70,
        69,
        71,
        70,
        71,
        72,
        72,
        71,
        73
      ]
    }
  ],
  "bounds": [-371, -347, 391, 435]
}
