{
  "contours": [
    {
      "fill": {
        "kind": 0,
        "color": 4281532671
      },
      "vertices": [
        -84,
        -289,
        -101,
        -258,
        -110,
        -277,
        38.421875,
        -340.46875,
        40,
        -326,
        38,
        -333,
        39.6875,
        -344.875,
        41.796875,
        -346.21875,
        115,
        -212,
        107,
        -192,
        107,
        -224,
        125,
        -176,
        121,
        -196,
        129,
        -179,
        -2.890625,
        -305.140625,
        -8,
        -131,
        -17.25,
        -298.25,
        109,
        -187,
        11.4375,
        -312.0625,
        25.734375,
        -319.015625,
        44.75,
        -344.5,
        48.546875,
        -339.71875,
        53.1875,
        -331.875,
        58.671875,
        -320.96875,
        65,
        -307,
        70,
        -295,
        75,
        -287,
        88,
        -255,
        91.359375,
        -247.734375,
        94.4375,
        -241.4375,
        97.234375,
        -236.109375,
        99.75,
        -231.75,
        101.984375,
        -228.359375,
        103.9375,
        -225.9375,
        105.609375,
        -224.484375,
        -229,
        -208,
        -225,
        -189,
        -230,
        -202,
        -220,
        -202,
        -216,
        -173,
        -219,
        -201,
        -208,
        -158,
        -207,
        -153,
        -202,
        -137,
        -192,
        -119,
        -182,
        -102,
        -154,
        -51,
        -150,
        -63,
        -34,
        -118,
        -75,
        -271,
        -60.515625,
        -277.765625,
        -46.0625,
        -284.5625,
        -31.640625,
        -291.390625,
        67,
        92,
        93,
        80,
        -150,
        -42,
        -145,
        -51,
        -148,
        -41,
        -145,
        -42
      ],
      "indices": [
        0,
        1,
        2,
        3,
        4,
        5,
        4,
        3,
        6,
        4,
        6,
        7,
        8,
        9,
        10,
        9,
        8,
        11,
        11,
        8,
        12,
        11,
        12,
        13,
        14,
        15,
        16,
        15,
        14,
        17,
        17,
        14,
        18,
        17,
        18,
        19,
        17,
        19,
        4,
        17,
        4,
        7,
        17,
        7,
        20,
        17,
        20,
        9,
        9,
        20,
        21,
        9,
        21,
        22,
        9,
        22,
        23,
        9,
        23,
        24,
        9,
        24,
        25,
        9,
        25,
        26,
        9,
        26,
        27,
        9,
        27,
        28,
        9,
        28,
        29,
        9,
        29,
        30,
        9,
        30,
        31,
        9,
        31,
        32,
        9,
        32,
        33,
        9,
        33,
        34,
        9,
        34,
        10,
        35,
        36,
        37,
        36,
        35,
        38,
        36,
        38,
        39,
        39,
        38,
        40,
        39,
        40,
        1,
        39,
        1,
        41,
        41,
        1,
        42,
        42,
        1,
        43,
        43,
        1,
        44,
        44,
        1,
        45,
        45,
        1,
        46,
        46,
        1,
        47,
        47,
        1,
        48,
        48,
        1,
        0,
        48,
        0,
        49,
        48,
        49,
        50,
        48,
        50,
        51,
        48,
        51,
        52,
        48,
        52,
        15,
        48,
        15,
        53,
        15,
        52,
        16,
        53,
        15,
        54,
        47,
        55,
        46,
        55,
        47,
        56,
        55,
        56,
        57,
        57,
        56,
        58
      ]
    }
  ],
  "bounds": [-230, -346.21875, 359, 438.21875]
}
