{
  "contours": [
    {
      "fill": {
        "kind": 0,
        "color": 4281532671
      },
      "vertices": [
        -135,
        -313,
        -148,
        -294,
        -152,
        -304,
        -130,
        -303,
        -159,
        -318,
        -169,
        -296,
        -176,
        -310,
        -165,
        -286,
        -116,
        -185,
        -100,
        -195,
        -110.40625,
        -86.71875,
        -103,
        -82,
        -95.875,
        -77,
        -82,
        -204,
        -89.5,
        -71.5,
        -83.875,
        -65.5,
        -79,
        -59,
        -72.640625,
        -207.359375,
        -74.875,
        -52,
        -71.5,
        -44.5,
        -63.5625,
        -209.4375,
        -68.875,
        -36.5,
        -67,
        -28,
        -66.109375,
        -22.5,
        -65.4375,
        -17,
        -64.984375,
        -11.5,
        -64.75,
        -6,
        -64.734375,
        -0.5,
        -64,
        73,
        -54,
        87,
        -54.765625,
        -210.234375,
        -46.25,
        -209.75,
        -47.90625,
        91.953125,
        -41.625,
        95.8125,
        -38.015625,
        -207.984375,
        -35.15625,
        98.578125,
        -30.0625,
        -204.9375,
        -28.5,
        100.25,
        -22.390625,
        -200.609375,
        -21.65625,
        100.828125,
        -15,
        -195,
        -14.625,
        100.3125,
        -7,
        -185,
        -7.40625,
        98.703125,
        0,
        96,
        13,
        -126,
        53,
        73,
        15.59375,
        -119.078125,
        18.375,
        -112.3125,
        21.34375,
        -105.703125,
        24.5,
        -99.25,
        27.84375,
        -92.953125,
        31.375,
        -86.8125,
        35.09375,
        -80.828125,
        39,
        -75,
        42.640625,
        -70.25,
        46.5625,
        -66,
        50.765625,
        -62.25,
        55.25,
        -59,
        102,
        43,
        60.015625,
        -56.25,
        65.0625,
        -54,
        70.390625,
        -52.25,
        76,
        -51,
        83,
        -48.21875,
        89.5,
        -44.875,
        95.5,
        -40.96875,
        101,
        -36.5,
        106,
        -31.46875,
        109.03125,
        37.53125,
        110.5,
        -25.875,
        114.625,
        31.625,
        114.5,
        -19.71875,
        118,
        -13,
        118.78125,
        25.28125,
        121.03125,
        -4.46875,
        121.5,
        18.5,
        122.625,
        3.625,
        122.78125,
        11.28125,
        -67.75,
        30.4375,
        -68,
        44.75,
        -68.0625,
        37.609375,
        -67.5625,
        51.859375,
        -67.0625,
        23.234375,
        -66.75,
        58.9375,
        -66,
        16,
        -65.5625,
        65.984375,
        -65.359375,
        10.5,
        -64.9375,
        5,
        -143,
        -132,
        -150,
        -154,
        -140.40625,
        -124.21875,
        -137.125,
        -116.875,
        -133.15625,
        -109.96875,
        -128.5,
        -103.5,
        -123.15625,
        -97.46875,
        -117.125,
        -91.875,
        -185,
        -277,
        -190,
        -287
      ],
      "indices": [
        0,
        1,
        2,
        1,
        0,
        3,
        4,
        5,
        6,
        5,
        4,
        7,
        7,
        4,
        8,
        8,
        4,
        2,
        8,
        2,
        1,
        8,
        1,
        9,
        8,
        9,
        10,
        10,
        9,
        11,
        11,
        9,
        12,
        12,
        9,
        13,
        12,
        13,
        14,
        14,
        13,
        15,
        15,
        13,
        16,
        16,
        13,
        17,
        16,
        17,
        18,
        18,
        17,
        19,
        19,
        17,
        20,
        19,
        20,
        21,
        21,
        20,
        22,
        22,
        20,
        23,
        23,
        20,
        24,
        24,
        20,
        25,
        25,
        20,
        26,
        26,
        20,
        27,
        27,
        20,
        28,
        28,
        20,
        29,
        29,
        20,
        30,
        29,
        30,
        31,
        29,
        31,
        32,
        32,
        31,
        33,
        33,
        31,
        34,
        33,
        34,
        35,
        35,
        34,
        36,
        35,
        36,
        37,
        37,
        36,
        38,
        37,
        38,
        39,
        39,
        38,
        40,
        39,
        40,
        41,
        41,
        40,
        42,
        41,
        42,
        43,
        43,
        42,
        44,
        44,
        42,
        45,
        44,
        45,
        46,
        46,
        45,
        47,
        46,
        47,
        48,
        46,
        48,
        49,
        46,
        49,
        50,
        46,
        50,
        51,
        46,
        51,
        52,
        46,
        52,
        53,
        46,
        53,
        54,
        46,
        54,
        55,
        46,
        55,
        56,
        46,
        56,
        57,
        46,
        57,
        58,
        46,
        58,
        59,
        59,
        58,
        60,
        59,
        60,
        61,
        59,
        61,
        62,
        59,
        62,
        63,
        59,
        63,
        64,
        59,
        64,
        65,
        59,
        65,
        66,
        59,
        66,
        67,
        59,
        67,
        68,
        59,
        68,
        69,
        69,
        68,
        70,
        69,
        70,
        71,
        71,
        70,
        72,
        71,
        72,
        73,
        71,
        73,
        74,
        74,
        73,
        75,
        74,
        75,
        76,
        76,
        75,
        77,
        76,
        77,
        78,
        79,
        80,
        81,
        80,
        79,
        82,
        82,
        79,
        83,
        82,
        83,
        84,
        84,
        83,
        85,
        84,
        85,
        86,
        86,
        85,
        87,
        86,
        87,
        28,
        28,
        87,
        88,
        28,
        88,
        27,
        8,
        89,
        90,
        89,
        8,
        91,
        91,
        8,
        92,
        92,
        8,
        93,
        93,
        8,
        94,
        94,
        8,
        95,
        95,
        8,
        96,
        96,
        8,
        10,
        5,
        97,
        98,
        97,
        5,
        7
      ]
    }
  ],
  "bounds": [-190, -318, 312.78125, 418.828125]
}
