{
  "contours": [
    {
      "fill": {
        "kind": 0,
        "color": 4281532671
      },
      "vertices": [
        19,
        -252,
        18,
        -250,
        11,
        -255,
        -47.03125,
        -246.140625,
        -48,
        -148,
        -52.125,
        -243.5625,
        -47,
        -157,
        -42.5,
        -248.25,
        -40,
        -193,
        -38.53125,
        -249.890625,
        -38.5625,
        -196.96875,
        -36.75,
        -200.875,
        -35.125,
        -251.0625,
        -34.5625,
        -204.71875,
        -32.28125,
        -251.765625,
        -32,
        -208.5,
        -30,
        -252,
        -29.0625,
        -212.21875,
        -1,
        -255,
        -25.75,
        -215.875,
        -22.0625,
        -219.46875,
        -18,
        -223,
        -3,
        -237,
        -1,
        -237,
        3,
        -254,
        18,
        -249,
        -104,
        -187,
        -106,
        -137,
        -108,
        -162,
        -104,
        -127,
        -94,
        -211,
        -101,
        -114,
        -96,
        -100,
        -86,
        -77,
        -73,
        -231,
        -74,
        -56,
        -56,
        -37,
        -64,
        -237,
        -57.78125,
        -240.515625,
        -41,
        -28,
        -45,
        -129,
        -42,
        -113,
        -40,
        -100,
        -28,
        -68,
        -30,
        -66,
        -31,
        -72,
        7.9375,
        -74.125,
        7,
        -32,
        6.359375,
        -74.53125,
        11.21875,
        -36.109375,
        9.484375,
        -73.28125,
        11,
        -72,
        25,
        -57,
        14.875,
        -39.9375,
        17.96875,
        -43.484375,
        20.5,
        -46.75,
        22.46875,
        -49.734375,
        23.875,
        -52.4375,
        24.71875,
        -54.859375,
        -51,
        5,
        -61,
        -8,
        -38,
        15,
        -38,
        -96,
        -21,
        -1,
        -22,
        -48,
        -22,
        -49,
        -11,
        -59,
        -20,
        2,
        -8,
        23,
        -2,
        -70,
        15,
        5,
        -0.265625,
        -71.78125,
        1.4375,
        -73.125,
        3.109375,
        -74.03125,
        4.75,
        -74.5,
        8,
        -30,
        12,
        -26,
        32,
        -13
      ],
      "indices": [
        0,
        1,
        2,
        3,
        4,
        5,
        4,
        3,
        6,
        6,
        3,
        7,
        6,
        7,
        8,
        8,
        7,
        9,
        8,
        9,
        10,
        10,
        9,
        11,
        11,
        9,
        12,
        11,
        12,
        13,
        13,
        12,
        14,
        13,
        14,
        15,
        15,
        14,
        16,
        15,
        16,
        17,
        17,
        16,
        18,
        17,
        18,
        19,
        19,
        18,
        20,
        20,
        18,
        21,
        21,
        18,
        22,
        22,
        18,
        23,
        23,
        18,
        24,
        23,
        24,
        25,
        25,
        24,
        2,
        25,
        2,
        1,
        26,
        27,
        28,
        27,
        26,
        29,
        29,
        26,
        30,
        29,
        30,
        31,
        31,
        30,
        32,
        32,
        30,
        33,
        33,
        30,
        34,
        33,
        34,
        35,
        35,
        34,
        36,
        36,
        34,
        37,
        36,
        37,
        38,
        36,
        38,
        5,
        36,
        5,
        4,
        36,
        4,
        39,
        39,
        4,
        40,
        39,
        40,
        41,
        39,
        41,
        42,
        43,
        44,
        45,
        46,
        47,
        48,
        47,
        46,
        49,
        49,
        46,
        50,
        49,
        50,
        51,
        49,
        51,
        52,
        49,
        52,
        53,
        53,
        52,
        54,
        54,
        52,
        55,
        55,
        52,
        56,
        56,
        52,
        57,
        57,
        52,
        58,
        39,
        59,
        60,
        59,
        39,
        61,
        61,
        39,
        42,
        61,
        42,
        62,
        61,
        62,
        45,
        61,
        45,
        63,
        63,
        45,
        44,
        63,
        44,
        64,
        64,
        44,
        65,
        63,
        64,
        66,
        63,
        66,
        67,
        67,
        66,
        68,
        68,
        66,
        69,
        68,
        69,
        70,
        70,
        69,
        47,
        47,
        69,
        71,
        47,
        71,
        72,
        47,
        72,
        73,
        47,
        73,
        74,
        47,
        74,
        48,
        70,
        47,
        75,
        70,
        75,
        76,
        70,
        76,
        77
      ]
    }
  ],
  "bounds": [-108, -255, 140, 278]
}
