{
  "contours": [
    {
      "fill": {
        "kind": 0,
        "color": 4281532671
      },
      "vertices": [
        -81,
        -65,
        -81,
        -50,
        -83,
        -56,
        -80,
        -60,
        -77,
        -44,
        -75,
        -46,
        -72,
        -41,
        -70,
        -42,
        -92,
        -89,
        -85,
        -74,
        -93,
        -88,
        -83,
        -76,
        -84,
        -74,
        -83,
        -73,
        -84,
        -69,
        -85,
        -71,
        -13,
        -32,
        -43,
        -23,
        -43,
        -35,
        -27,
        -22,
        -25,
        -21,
        -21.265625,
        -19.53125,
        -18.0625,
        -17.625,
        -15.390625,
        -15.28125,
        -13.25,
        -12.5,
        -11.640625,
        -9.28125,
        -6,
        -28,
        -10.5625,
        -5.625,
        -10.015625,
        -1.53125,
        -10,
        3,
        -9.375,
        24.28125,
        -4.5,
        21.125,
        3,
        -18,
        -0.375,
        17.53125,
        3,
        13.5,
        9,
        -7,
        5.625,
        9.03125,
        7.5,
        4.125,
        8.625,
        -1.21875,
        -33,
        21,
        -27,
        36.1875,
        -28,
        42,
        -26.25,
        34.421875,
        -27.25,
        38.046875,
        -25,
        32.75,
        -23.25,
        31.171875,
        -21,
        29.6875,
        -18.25,
        28.296875,
        -15,
        27,
        -27,
        40,
        -112,
        -91,
        -108,
        -83,
        -112,
        -86,
        -107,
        -82,
        -132,
        -92,
        -128,
        -78,
        -133,
        -92,
        -130,
        -91,
        -126,
        -81,
        -127,
        -73,
        -125,
        -68,
        -124,
        -68,
        -127,
        -57,
        -127,
        -58,
        -123,
        -48,
        -126.796875,
        -53.015625,
        -126.1875,
        -49.5625,
        -125.171875,
        -46.640625,
        -123.75,
        -44.25,
        -121.921875,
        -42.390625,
        -117,
        -42,
        -119.6875,
        -41.0625,
        -117.046875,
        -40.265625,
        -114,
        -40,
        -113,
        -40,
        -123,
        -118,
        -121,
        -103,
        -124,
        -110,
        -121,
        -117,
        -119,
        -102,
        -110,
        -34,
        -113,
        -35,
        -111,
        -38,
        -102,
        -26,
        -117,
        38,
        -140,
        -13,
        -111,
        49,
        -109.546875,
        51.5625,
        -108.1875,
        54.25,
        -106.921875,
        57.0625,
        -105.75,
        60,
        -104.671875,
        63.0625,
        -103.6875,
        66.25,
        -102.796875,
        69.5625,
        -102,
        73,
        -96.515625,
        -27.546875,
        -71,
        70,
        -91.0625,
        -29.1875,
        -85.640625,
        -30.921875,
        -80.25,
        -32.75,
        -74.890625,
        -34.671875,
        -69.5625,
        -36.6875,
        -54,
        63,
        -64.265625,
        -38.796875,
        -59,
        -41,
        -57.5625,
        -41.28125,
        -56.25,
        -41.625,
        -55.0625,
        -42.03125,
        -54,
        -42.5,
        -53.0625,
        -43.03125,
        -41,
        3,
        -25,
        48,
        -22,
        49,
        -52.25,
        -43.625,
        -51.5625,
        -44.28125,
        -51,
        -45,
        -45,
        -34,
        -41,
        2,
        -26,
        46
      ],
      "indices": [
        0,
        1,
        2,
        1,
        0,
        3,
        1,
        3,
        4,
        4,
        3,
        5,
        4,
        5,
        6,
        6,
        5,
        7,
        8,
        9,
        10,
        9,
        8,
        11,
        9,
        11,
        12,
        12,
        11,
        13,
        13,
        11,
        0,
        13,
        14,
        15,
        14,
        13,
        0,
        16,
        17,
        18,
        17,
        16,
        19,
        19,
        16,
        20,
        20,
        16,
        21,
        21,
        16,
        22,
        22,
        16,
        23,
        23,
        16,
        24,
        24,
        16,
        25,
        25,
        16,
        26,
        25,
        26,
        27,
        27,
        26,
        28,
        28,
        26,
        29,
        29,
        26,
        30,
        30,
        26,
        31,
        31,
        26,
        32,
        31,
        32,
        33,
        33,
        32,
        34,
        34,
        32,
        35,
        34,
        35,
        36,
        36,
        35,
        37,
        37,
        35,
        38,
        39,
        40,
        41,
        40,
        39,
        42,
        42,
        39,
        29,
        41,
        40,
        43,
        42,
        29,
        44,
        44,
        29,
        45,
        45,
        29,
        46,
        46,
        29,
        47,
        47,
        29,
        48,
        48,
        29,
        30,
        49,
        41,
        43,
        50,
        51,
        52,
        51,
        50,
        53,
        54,
        55,
        56,
        55,
        54,
        57,
        55,
        57,
        58,
        55,
        58,
        59,
        59,
        58,
        60,
        60,
        58,
        61,
        60,
        62,
        63,
        62,
        60,
        61,
        64,
        65,
        62,
        65,
        64,
        66,
        66,
        64,
        67,
        67,
        64,
        68,
        68,
        64,
        69,
        69,
        64,
        70,
        69,
        70,
        71,
        71,
        70,
        72,
        72,
        70,
        73,
        73,
        70,
        74,
        75,
        76,
        77,
        76,
        75,
        78,
        76,
        78,
        79,
        80,
        81,
        82,
        83,
        84,
        85,
        84,
        83,
        86,
        86,
        83,
        87,
        87,
        83,
        88,
        88,
        83,
        89,
        89,
        83,
        90,
        90,
        83,
        91,
        91,
        83,
        92,
        92,
        83,
        93,
        93,
        83,
        94,
        94,
        83,
        95,
        94,
        95,
        96,
        96,
        95,
        97,
        96,
        97,
        98,
        96,
        98,
        99,
        96,
        99,
        100,
        96,
        100,
        101,
        96,
        101,
        102,
        102,
        101,
        103,
        102,
        103,
        104,
        102,
        104,
        105,
        102,
        105,
        106,
        102,
        106,
        107,
        102,
        107,
        108,
        102,
        108,
        109,
        102,
        109,
        110,
        102,
        110,
        41,
        102,
        41,
        111,
        102,
        111,
        112,
        110,
        109,
        113,
        110,
        113,
        114,
        110,
        114,
        115,
        110,
        115,
        116,
        110,
        116,
        17,
        17,
        116,
        18,
        110,
        17,
        117,
        41,
        110,
        39,
        111,
        41,
        118
      ]
    }
  ],
  "bounds": [-140, -118, 149, 191]
}
