{
  "contours": [
    {
      "fill": {
        "kind": 0,
        "color": 4281532671
      },
      "vertices": [
        -67,
        -38,
        -68,
        -23,
        -68,
        -31,
        -67,
        -43,
        -67,
        -39,
        -68,
        -41,
        -64,
        -45,
        -54,
        -43,
        -50,
        -28,
        -51,
        -16,
        -49,
        -38,
        -47,
        -42,
        -27,
        -42,
        -25,
        -31,
        -26,
        -21,
        -23,
        -43,
        -23,
        -40,
        -22,
        -42,
        -10,
        -29,
        -13,
        -16,
        -13,
        -21,
        -11,
        14,
        -8,
        15,
        -9,
        -37,
        -8.78125,
        -39.03125,
        -8.125,
        -40.625,
        -7.03125,
        -41.78125,
        -6,
        13,
        -5.5,
        -42.5,
        -5,
        13,
        -3.53125,
        -42.78125,
        -1,
        20,
        -6,
        14,
        -1.125,
        -42.625,
        1.71875,
        -42.03125,
        3,
        27,
        3,
        -19,
        4,
        -16,
        67,
        11,
        67.125,
        18.4375,
        66.90625,
        21.359375,
        67.15625,
        14.984375,
        61,
        24,
        59,
        18,
        60,
        17,
        -108,
        67,
        -102,
        42,
        -84,
        71,
        -104,
        36,
        -104,
        28,
        -99,
        44,
        -97,
        44,
        -95,
        43,
        -89,
        43,
        -87,
        44,
        -39,
        50,
        -68,
        72,
        -55,
        74,
        -45,
        74,
        -27,
        69,
        -20,
        47,
        -23.0625,
        67.6875,
        -19.25,
        66.25,
        -10,
        43,
        -15.5625,
        64.6875,
        -12,
        63,
        -8.5625,
        61.1875,
        -1,
        39,
        -5.25,
        59.25,
        -2.0625,
        57.1875,
        1,
        55,
        13,
        42,
        8,
        14,
        14,
        19,
        17,
        30,
        18,
        28,
        -36,
        -42,
        -39,
        -40,
        -39,
        -42,
        -38,
        17,
        -23,
        16,
        -34,
        -41,
        -26,
        -16,
        -168,
        -41,
        -168,
        -29,
        -169,
        -32,
        -167,
        -44,
        -168,
        -21,
        -168,
        -14,
        -168,
        -9,
        -168,
        46,
        -154,
        33,
        -165,
        -50,
        -117,
        -16,
        -144,
        21,
        -141,
        17,
        -137,
        14,
        -137,
        15,
        -112,
        17,
        -115,
        -18,
        -114,
        -17,
        -98,
        -17,
        -110.578125,
        65.703125,
        -96,
        18,
        -89,
        -17,
        -94,
        18,
        -91,
        19,
        -87,
        18,
        -69,
        -16,
        -82,
        19,
        -63,
        18,
        -57,
        -43,
        -60,
        19,
        -56,
        18,
        -42,
        -16,
        -41,
        -27,
        -40,
        -35,
        -169,
        5,
        -170,
        27,
        -171,
        23,
        -170,
        39,
        -170,
        45,
        -169,
        -4,
        -170,
        -5,
        -169,
        1,
        -167,
        -47,
        -167,
        -50,
        -117,
        29,
        -121,
        45,
        -121,
        41,
        -119,
        54,
        -118.828125,
        55.953125,
        -118.3125,
        57.8125,
        -117.453125,
        59.578125,
        -116.25,
        61.25,
        -114.703125,
        62.828125,
        -112.8125,
        64.3125,
        -168,
        -45,
        -171,
        47,
        -171,
        44,
        -169,
        -11,
        -169,
        -16,
        -169,
        -26,
        -170,
        3,
        -170,
        -2,
        -171,
        42,
        -171,
        36,
        -171,
        33,
        4,
        -36,
        5,
        -41,
        19,
        -16,
        12,
        14,
        36,
        16,
        20,
        -17,
        20,
        -18,
        21,
        -17,
        28,
        -10,
        29,
        -10,
        33,
        -11,
        37,
        -10,
        41,
        15,
        55,
        -9,
        62,
        -10,
        63,
        28,
        64,
        -10,
        64.15625,
        27.734375,
        66,
        -16,
        65.125,
        26.9375,
        65.90625,
        25.609375,
        66.5,
        23.75,
        69,
        -14,
        70,
        -20,
        70,
        -17,
        69,
        -4,
        69,
        -8,
        70,
        -7,
        5,
        -34,
        4,
        -33,
        5,
        -32
      ],