{
  "contours": [
    {
      "fill": {
        "kind": 0,
        "color": 4281532671
      },
      "vertices": [
        28,
        -235,
        -66,
        -189,
        -73,
        -186,
        -35,
        -132,
        -35,
        -131,
        -31.78125,
        -124.75,
        -28.125,
        -119,
        -24.03125,
        -113.75,
        -9,
        -144,
        -19.5,
        -109,
        -14.53125,
        -104.75,
        -9.125,
        -101,
        23,
        -160,
        38,
        -126,
        104,
        -73,
        51,
        -95,
        39.375,
        -92.375,
        45.21875,
        -93.46875,
        70,
        -56,
        104,
        -71,
        -3.28125,
        -97.75,
        12,
        -128,
        3,
        -95,
        9.21875,
        -93.46875,
        15.375,
        -92.375,
        21.46875,
        -91.71875,
        27.5,
        -91.5,
        33.46875,
        -91.71875,
        -200,
        -53,
        -228,
        -111
      ],
      "indices": [
        0,
        1,
        2,
        1,
        0,
        3,
        3,
        0,
        4,
        4,
        0,
        5,
        5,
        0,
        6,
        6,
        0,
        7,
        7,
        0,
        8,
        7,
        8,
        9,
        9,
        8,
        10,
        10,
        8,
        11,
        8,
        0,
        12,
        12,
        0,
        13,
        13,
        0,
        14,
        13,
        14,
        15,
        13,
        15,
        16,
        16,
        15,
        17,
        15,
        14,
        18,
        18,
        14,
        19,
        8,
        20,
        11,
        20,
        8,
        21,
        20,
        21,
        22,
        22,
        21,
        23,
        23,
        21,
        24,
        24,
        21,
        13,
        24,
        13,
        25,
        25,
        13,
        26,
        26,
        13,
        27,
        27,
        13,
        16,
        1,
        28,
        29,
        28,
        1,
        3
      ]
    }
  ],
  "bounds": [-228, -235, 332, 235]
}
