{
  "contours": [
    {
      "fill": {
        "kind": 0,
        "color": 4284465848
      },
      "vertices": [
        -151.203125,
        -230.28125,
        -150.453125,
        -214.78125,
        -151.25,
        -222.5,
        -150.3125,
        -238.125,
        -148.8125,
        -207.125,
        -148.578125,
        -246.03125,
        -146.328125,
        -199.53125,
        -146,
        -254,
        -143,
        -192,
        -142.71875,
        -261.734375,
        -138.984375,
        -184.5625,
        -138.875,
        -268.9375,
        -134.4375,
        -177.75,
        -134.46875,
        -275.609375,
        -129.5,
        -281.75,
        -129.359375,
        -171.5625,
        -123.96875,
        -287.359375,
        -123.75,
        -166,
        -117.875,
        -292.4375,
        -117.609375,
        -161.0625,
        -111.21875,
        -296.984375,
        -110.9375,
        -156.75,
        -104,
        -301,
        -103.734375,
        -153.0625,
        -42,
        -305,
        -96,
        -150,
        -89.015625,
        -147.59375,
        -82.0625,
        -145.875,
        -75.140625,
        -144.84375,
        -68.25,
        -144.5,
        -61.390625,
        -144.84375,
        -54.5625,
        -145.875,
        -47.765625,
        -147.59375,
        -41,
        -150,
        -34.265625,
        -301.71875,
        -39,
        -139,
        -37,
        -132,
        -35,
        -128,
        -27.0625,
        -297.875,
        -33,
        -153,
        -25.796875,
        -157.015625,
        -20.390625,
        -293.46875,
        -19.1875,
        -161.5625,
        -14.25,
        -288.5,
        -13.171875,
        -166.640625,
        -8.640625,
        -282.96875,
        -7.75,
        -172.25,
        -3.5625,
        -276.875,
        -2.921875,
        -178.390625,
        0.984375,
        -270.21875,
        1.3125,
        -185.0625,
        5,
        -263,
        4.953125,
        -192.265625,
        8,
        -200,
        8.328125,
        -255.234375,
        10.578125,
        -207.984375,
        10.8125,
        -247.4375,
        12.3125,
        -215.9375,
        12.453125,
        -239.609375,
        13.203125,
        -223.859375,
        13.25,
        -231.75,
        -33,
        -121,
        -36,
        -125,
        -32,
        -140,
        -31,
        -143,
        -33,
        -118,
        -28,
        -107,
        -28,
        -135,
        -25,
        -123,
        -27,
        -104,
        -25,
        -103,
        -25,
        -120,
        -21,
        -114,
        -20,
        -85,
        -19,
        -105,
        -14,
        -66,
        -12,
        -88,
        -10,
        -49,
        -7,
        -70,
        -9,
        -45,
        -7.890625,
        -44.703125,
        -7.0625,
        -44.3125,
        -6.515625,
        -43.828125,
        -4,
        -59,
        -6.25,
        -43.25,
        -7.140625,
        -40.953125,
        -7,
        -32,
        -8,
        -40,
        -6.5625,
        -41.8125,
        -4,
        -16,
        -6.265625,
        -42.578125,
        -4,
        -55,
        -1,
        -47,
        0,
        -3,
        1,
        -36,
        2,
        2,
        3,
        -20,
        2,
        6,
        5,
        15,
        5,
        -11,
        19,
        33,
        7,
        19,
        8,
        24,
        10,
        33,
        17,
        53,
        21,
        63,
        24,
        48,
        25,
        75,
        28,
        63,
        29,
        80,
        40,
        91,
        30,
        85,
        43,
        112,
        41.21875,
        91.203125,
        42.375,
        91.8125,
        43.46875,
        92.828125,
        48,
        122,
        44.5,
        94.25,
        45.46875,
        96.078125,
        46.375,
        98.3125,
        47.21875,
        100.953125,
        48,
        104,
        54,
        120,
        51,
        125,
        55,
        123,
        56,
        120
      ],