{
  "contours": [
    {
      "fill": {
        "kind": 0,
        "color": 4281532671
      },
      "vertices": [
        22,
        -34,
        22,
        -28,
        21.875,
        -31,
        22.375,
        -37,
        22.375,
        -25,
        23,
        -40,
        23,
        -22,
        35,
        5,
        23.875,
        -19,
        25,
        -16,
        32,
        7,
        -35.375,
        33.03125,
        -34.359375,
        37.6875,
        -44,
        39,
        -26.5,
        27.625,
        -24.9375,
        35.75,
        -17.375,
        22.78125,
        -15.734375,
        33.1875,
        -8,
        18.5,
        -6.75,
        30,
        1.625,
        14.78125,
        2.015625,
        26.1875,
        11.5,
        11.625,
        10.5625,
        21.75,
        18.890625,
        16.6875,
        21.625,
        9.03125,
        27,
        11,
        -159.0625,
        111.21875,
        -136,
        110,
        -160.76142131979697,
        111.6507614213198,
        -148.25,
        107.875,
        -137.5625,
        103.96875,
        -127,
        99.5,
        -128.59375,
        107.09375,
        -121.375,
        103.875,
        -116.5625,
        94.46875,
        -114.34375,
        100.34375,
        -106.25,
        88.875,
        -107.5,
        96.5,
        -100.84375,
        92.34375,
        -96.0625,
        82.71875,
        -94.375,
        87.875,
        -86,
        76,
        -88.09375,
        83.09375,
        -82,
        78,
        -83.75,
        75.15625,
        -82,
        74.625,
        -80.75,
        74.40625,
        -80.75,
        76.65625,
        -80,
        74.5,
        -80,
        75.625,
        -79.75,
        74.90625,
        -170,
        114,
        -196,
        114,
        -210,
        108,
        -226,
        96,
        -225,
        87,
        -176,
        14,
        -181,
        23,
        -200,
        32,
        -169,
        14,
        -167,
        66,
        -152,
        62,
        -169,
        72,
        -156,
        51,
        -149,
        56,
        -149.765625,
        61.46875,
        -148.0625,
        60.875,
        -147.515625,
        56.96875,
        -146.890625,
        60.21875,
        -146.5625,
        57.875,
        -146.25,
        59.5,
        -146.140625,
        58.71875,
        -172,
        74,
        -175,
        70,
        -207,
        74,
        -192,
        84,
        -209,
        75,
        -193,
        80,
        -189,
        70,
        -191,
        81,
        -181,
        67,
        -120,
        41,
        -124,
        43,
        -132,
        42,
        -111.52272727272727,
        -63.92897727272727,
        -117.75,
        -61.59375,
        -112.875,
        -63.546875,
        -90,
        -72,
        -98,
        -67.75,
        -82.875,
        -70.296875,
        -78.875,
        -75.828125,
        -67.5,
        -71.1875,
        -68.5,
        -77.8125,
        -58.875,
        -77.953125,
        -51.875,
        -70.421875,
        -50,
        -76.25,
        -36,
        -68,
        -41.875,
        -72.703125,
        -34.5,
        -67.3125,
        -34.5625,
        -63.265625,
        -32.75,
        -59.0625,
        -27.875,
        -60.078125,
        -30.5625,
        -55.390625,
        -28,
        -52.25,
        -25.0625,
        -49.640625,
        -22,
        -51,
        -21.75,
        -47.5625,
        8,
        -49,
        -18.0625,
        -46.015625,
        -14,
        -45,
        -105,
        13,
        -105,
        14,
        -109,
        13,
        -103,
        16,
        -106,
        26,
        -110,
        34,
        -103,
        20,
        -111,
        36,
        -113,
        37,
        -101,
        44,
        -161,
        14,
        -160,
        18,
        -167,
        14,
        -147,
        9,
        -145,
        8,
        -239,
        36,
        -203,
        -5,
        -241,
        41,
        -211,
        -1,
        -216,
        42,
        -243,
        46,
        -208,
        33,
        -181.40625,
        -27.140625,
        -188,
        -20,
        -188,
        -22,
        -156,
        -41,
        -174.625,
        -32.0625,
        -167.65625,
        -36.765625,
        -160.5,
        -41.25,
        -153.15625,
        -45.515625,
        -141.875,
        -50.171875,
        -145.625,
        -49.5625,
        -137.90625,
        -53.390625,
        -127.5,
        -57.6875,
        -130,
        -57
      ],