{
  "contours": [
    {
      "fill": {
        "kind": 0,
        "color": 4281532671
      },
      "vertices": [
        66,
        -45,
        63,
        -44,
        58,
        -48,
        67,
        -45,
        -54,
        -82,
        -55,
        -78,
        -56,
        -79,
        -112,
        -283,
        -86,
        -135,
        -156,
        -311,
        -101,
        -279,
        -74,
        -134,
        -86,
        -116,
        -72,
        -80,
        -70,
        -84,
        -37,
        -120,
        -34,
        -120,
        -71,
        -80,
        -64,
        -84,
        -46,
        -108,
        -63,
        -82,
        -62,
        -83,
        -60,
        -84,
        -50,
        -97,
        -61,
        -76,
        -27,
        31,
        -68,
        -70,
        -59,
        -78,
        -58,
        -77,
        -18,
        -6,
        -24,
        23,
        -23,
        22,
        -22,
        21,
        -17,
        23,
        -15,
        22,
        -2,
        27,
        -13,
        24,
        -10,
        27,
        -9.0625,
        27.03125,
        -8.25,
        27.125,
        -7.5625,
        27.28125,
        -7,
        27.5,
        -6.5625,
        27.78125,
        -6.25,
        28.125,
        -6.0625,
        28.53125,
        -6,
        29,
        -3,
        31,
        -1,
        32,
        -3,
        32,
        -22,
        27,
        -23,
        31,
        -21,
        39,
        -21,
        38,
        -36,
        -112,
        -38,
        -108,
        -42,
        -108,
        -15,
        -115,
        52,
        -56,
        50,
        -55,
        60,
        -57,
        73,
        -57,
        63,
        -56,
        73,
        -55,
        50,
        -50,
        53,
        -47,
        52,
        -45,
        57,
        -48,
        59,
        -35,
        58,
        -30,
        58,
        -38,
        -19,
        -80,
        -32,
        -107,
        -17,
        -115,
        66,
        -23,
        -223,
        -235,
        -227,
        -201,
        -237,
        -234,
        -227,
        -188
      ],
      "indices": [
        0,
        1,
        2,
        1,
        0,
        3,
        4,
        5,
        6,
        7,
        8,
        9,
        8,
        7,
        10,
        8,
        10,
        11,
        8,
        11,
        12,
        12,
        11,
        13,
        13,
        11,
        14,
        14,
        11,
        15,
        15,
        11,
        16,
        13,
        14,
        17,
        14,
        15,
        18,
        18,
        15,
        19,
        18,
        19,
        20,
        20,
        19,
        21,
        21,
        19,
        22,
        22,
        19,
        23,
        22,
        23,
        4,
        24,
        25,
        26,
        25,
        24,
        27,
        25,
        27,
        28,
        25,
        28,
        5,
        25,
        5,
        4,
        25,
        4,
        23,
        25,
        23,
        29,
        25,
        29,
        30,
        30,
        29,
        31,
        31,
        29,
        32,
        32,
        29,
        33,
        33,
        29,
        34,
        34,
        29,
        35,
        34,
        35,
        36,
        36,
        35,
        37,
        37,
        35,
        38,
        38,
        35,
        39,
        39,
        35,
        40,
        40,
        35,
        41,
        41,
        35,
        42,
        42,
        35,
        43,
        43,
        35,
        44,
        44,
        35,
        45,
        45,
        35,
        46,
        46,
        35,
        47,
        48,
        45,
        46,
        49,
        50,
        30,
        25,
        50,
        51,
        50,
        25,
        30,
        51,
        50,
        52,
        53,
        54,
        55,
        56,
        57,
        58,
        57,
        56,
        59,
        59,
        56,
        60,
        59,
        60,
        61,
        61,
        60,
        62,
        63,
        64,
        65,
        64,
        63,
        66,
        67,
        68,
        69,
        19,
        70,
        23,
        70,
        19,
        55,
        70,
        55,
        54,
        70,
        54,
        71,
        70,
        71,
        72,
        70,
        72,
        68,
        70,
        68,
        73,
        68,
        72,
        56,
        68,
        56,
        63,
        63,
        56,
        58,
        68,
        63,
        65,
        68,
        65,
        69,
        74,
        75,
        76,
        75,
        74,
        77,
        77,
        74,
        12,
        12,
        74,
        8
      ]
    },
    {
      "fill": {
        "kind": 0,
        "color": 4284465848
      },