{
  "contours": [
    {
      "fill": {
        "kind": 0,
        "color": 4281532671
      },
      "vertices": [
        -130,
        -169,
        -131,
        -142,
        -135,
        -158,
        -122,
        -135,
        -123,
        -182,
        -120,
        -185,
        -159,
        -130,
        -160,
        -107,
        -163,
        -118,
        -148,
        -95,
        -151,
        -134,
        -143.59375,
        -91.5,
        -138.875,
        -88.5,
        -133.84375,
        -86,
        -128.5,
        -84,
        -122.84375,
        -82.5,
        -116.875,
        -81.5,
        -114,
        -187,
        -110.59375,
        -81,
        -102,
        -184,
        -104,
        -81,
        -167,
        -274,
        -158,
        -237,
        -169,
        -262,
        -161,
        -286,
        -147.484375,
        -288.359375,
        -152.96875,
        -228.078125,
        -147.375,
        -219.8125,
        -134.4375,
        -288.9375,
        -141.21875,
        -212.203125,
        -134.5,
        -205.25,
        -127.21875,
        -198.953125,
        -121.859375,
        -287.734375,
        -119.375,
        -193.3125,
        -109.75,
        -284.75,
        -110.96875,
        -188.328125,
        -98.109375,
        -279.984375,
        -149,
        -64,
        -139,
        -34,
        -153,
        -46,
        -128.0625,
        -33.6875,
        -117.25,
        -32.75,
        -106.5625,
        -31.1875,
        -96,
        -29,
        -86.9375,
        -273.4375,
        -85.5625,
        -26.1875,
        -76.234375,
        -265.109375,
        -75.25,
        -22.75,
        -66,
        -255,
        -65.0625,
        -18.6875,
        -50.46875,
        -237.5625,
        -55,
        -14,
        45,
        34,
        -34.375,
        -220.75,
        -17.71875,
        -204.5625,
        -0.5,
        -189,
        17.28125,
        -174.0625,
        35.625,
        -159.75,
        54.53125,
        -146.0625,
        64,
        1,
        74,
        -133,
        110,
        -99,
        112,
        -109
      ],
      "indices": [
        0,
        1,
        2,
        1,
        0,
        3,
        3,
        0,
        4,
        3,
        4,
        5,
        6,
        7,
        8,
        7,
        6,
        9,
        9,
        6,
        10,
        9,
        10,
        3,
        9,
        3,
        11,
        11,
        3,
        12,
        12,
        3,
        13,
        13,
        3,
        14,
        14,
        3,
        15,
        15,
        3,
        16,
        16,
        3,
        5,
        16,
        5,
        17,
        16,
        17,
        18,
        18,
        17,
        19,
        18,
        19,
        20,
        21,
        22,
        23,
        22,
        21,
        24,
        22,
        24,
        25,
        22,
        25,
        26,
        26,
        25,
        27,
        27,
        25,
        28,
        27,
        28,
        29,
        29,
        28,
        30,
        30,
        28,
        31,
        31,
        28,
        32,
        31,
        32,
        33,
        33,
        32,
        34,
        33,
        34,
        35,
        35,
        34,
        19,
        19,
        34,
        36,
        37,
        38,
        39,
        38,
        37,
        20,
        38,
        20,
        40,
        40,
        20,
        41,
        41,
        20,
        42,
        42,
        20,
        43,
        43,
        20,
        19,
        43,
        19,
        36,
        43,
        36,
        44,
        43,
        44,
        45,
        45,
        44,
        46,
        45,
        46,
        47,
        47,
        46,
        48,
        47,
        48,
        49,
        49,
        48,
        50,
        49,
        50,
        51,
        51,
        50,
        52,
        52,
        50,
        53,
        52,
        53,
        54,
        52,
        54,
        55,
        52,
        55,
        56,
        52,
        56,
        57,
        52,
        57,
        58,
        52,
        58,
        59,
        59,
        58,
        60,
        59,
        60,
        61,
        61,
        60,
        62
      ]
    }
  ],
  "bounds": [-169, -288.9375, 281, 322.9375]
}
