{
  "contours": [
    {
      "fill": {
        "kind": 0,
        "color": 4281532671
      },
      "vertices": [
        135,
        -217,
        130,
        -170,
        125,
        -289,
        -179,
        -311,
        -35,
        70,
        -212,
        -299,
        -139,
        -223,
        -169,
        -317,
        -149,
        -321,
        -9,
        58,
        -115,
        -317,
        -119,
        -218,
        -112.203125,
        -213.6875,
        -104.296875,
        -312.03125,
        -106.3125,
        -208.75,
        -101.328125,
        -203.1875,
        -94.6875,
        -306.125,
        -97.25,
        -197,
        -94.078125,
        -190.1875,
        -86.171875,
        -299.28125,
        -91.8125,
        -182.75,
        -90.453125,
        -174.6875,
        -90,
        -166,
        -88,
        -136,
        -79,
        -109,
        -78.75,
        -291.5,
        -76.046875,
        -102.40625,
        -72.421875,
        -282.78125,
        -72.6875,
        -96.125,
        -68.921875,
        -90.15625,
        -67.1875,
        -273.125,
        -64.75,
        -84.5,
        -63.046875,
        -262.53125,
        -60.171875,
        -79.15625,
        -60,
        -251,
        -55.1875,
        -74.125,
        -58.828125,
        -246.859375,
        -57.3125,
        -242.9375,
        -55.453125,
        -239.234375,
        -53.25,
        -235.75,
        -49.796875,
        -69.40625,
        -50.703125,
        -232.484375,
        -47.8125,
        -229.4375,
        -44,
        -65,
        -44.578125,
        -226.609375,
        -41,
        -224,
        -37.09375,
        -60.46875,
        -18,
        -222,
        -29.875,
        -56.375,
        -22.34375,
        -52.71875,
        -14.5,
        -49.5,
        25,
        -234,
        -6.34375,
        -46.71875,
        2.125,
        -44.375,
        10.90625,
        -42.46875,
        20,
        -41,
        105,
        -13,
        55,
        -251,
        61,
        -257,
        106,
        -281,
        124,
        -10,
        132,
        -25,
        134,
        -133,
        135,
        -152,
        138,
        -116,
        134,
        -93,
        136,
        -75
      ],
      "indices": [
        0,
        1,
        2,
        3,
        4,
        5,
        4,
        3,
        6,
        6,
        3,
        7,
        6,
        7,
        8,
        4,
        6,
        9,
        10,
        6,
        8,
        6,
        10,
        11,
        11,
        10,
        12,
        12,
        10,
        13,
        12,
        13,
        14,
        14,
        13,
        15,
        15,
        13,
        16,
        15,
        16,
        17,
        17,
        16,
        18,
        18,
        16,
        19,
        18,
        19,
        20,
        20,
        19,
        21,
        21,
        19,
        22,
        22,
        19,
        23,
        23,
        19,
        24,
        24,
        19,
        25,
        24,
        25,
        26,
        26,
        25,
        27,
        26,
        27,
        28,
        28,
        27,
        29,
        29,
        27,
        30,
        29,
        30,
        31,
        31,
        30,
        32,
        31,
        32,
        33,
        33,
        32,
        34,
        33,
        34,
        35,
        35,
        34,
        36,
        35,
        36,
        37,
        35,
        37,
        38,
        35,
        38,
        39,
        35,
        39,
        40,
        40,
        39,
        41,
        40,
        41,
        42,
        40,
        42,
        43,
        43,
        42,
        44,
        43,
        44,
        45,
        43,
        45,
        46,
        46,
        45,
        47,
        46,
        47,
        48,
        48,
        47,
        49,
        49,
        47,
        50,
        50,
        47,
        51,
        50,
        51,
        52,
        52,
        51,
        53,
        53,
        51,
        54,
        54,
        51,
        55,
        55,
        51,
        56,
        56,
        51,
        57,
        56,
        57,
        58,
        56,
        58,
        59,
        56,
        59,
        60,
        60,
        59,
        2,
        60,
        2,
        61,
        61,
        2,
        1,
        61,
        1,
        62,
        62,
        1,
        63,
        64,
        65,
        62,
        61,
        65,
        66,
        65,
        61,
        62
      ]
    }
  ],
  "bounds": [-212, -321, 350, 391]
}
