{
  "contours": [
    {
      "fill": {
        "kind": 0,
        "color": 4281532671
      },
      "vertices": [
        -128,
        -231,
        -122,
        -210,
        -130,
        -231,
        -127.296875,
        -231.640625,
        -126.6875,
        -232.0625,
        -126.171875,
        -232.265625,
        -125.75,
        -232.25,
        -125.421875,
        -232.015625,
        -125,
        -230,
        -125.1875,
        -231.5625,
        -125.046875,
        -230.890625,
        -119,
        -215,
        -120,
        -203,
        -117,
        -195,
        -116,
        -195,
        -120,
        -178,
        -120,
        -180,
        -114,
        -165,
        -119.703125,
        -172.140625,
        -118.8125,
        -167.0625,
        -117.328125,
        -162.765625,
        -115.25,
        -159.25,
        -112.578125,
        -156.515625,
        -105,
        -156,
        -109.3125,
        -154.5625,
        -105.453125,
        -153.390625,
        -101,
        -153,
        -99,
        -153,
        -95,
        -144,
        -99,
        -145,
        -96,
        -150,
        -51,
        -191,
        -51,
        -168,
        -54,
        -177,
        -42,
        -162,
        -45,
        -159,
        -37,
        -154,
        -34,
        -156,
        -98,
        -230,
        -92,
        -218,
        -98,
        -222,
        -90,
        -216,
        -67,
        -227,
        -57,
        -204,
        -69,
        -225,
        -54,
        -207,
        -55,
        -204,
        -54,
        -203,
        -55,
        -197,
        -57,
        -200,
        52,
        -140,
        7,
        -127,
        7,
        -145,
        31,
        -125,
        34,
        -124,
        39.609375,
        -121.671875,
        44.4375,
        -118.6875,
        48.484375,
        -115.046875,
        51.75,
        -110.75,
        54.234375,
        -105.796875,
        63,
        -134,
        55.9375,
        -100.1875,
        56.859375,
        -93.921875,
        57,
        -87,
        57.671875,
        -55.09375,
        65.1875,
        -59.875,
        77,
        -119,
        71.546875,
        -65.34375,
        76.75,
        -71.5,
        80.796875,
        -78.34375,
        86,
        -103,
        83.6875,
        -85.875,
        85.421875,
        -94.09375,
        -83,
        -131,
        -105,
        -34,
        -140,
        -112,
        -96,
        -18,
        -93.828125,
        -14.140625,
        -91.8125,
        -10.0625,
        -89.953125,
        -5.765625,
        -88.25,
        -1.25,
        -86.703125,
        3.484375,
        -85.3125,
        8.4375,
        -84.078125,
        13.609375,
        -83,
        19,
        -74.53125,
        -133.328125,
        -76.796875,
        21.109375,
        -70.6875,
        22.4375,
        -66.125,
        -135.8125,
        -64.671875,
        22.984375,
        -57.78125,
        -138.453125,
        -58.75,
        22.75,
        -52.921875,
        21.734375,
        -49.5,
        -141.25,
        -47.1875,
        19.9375,
        -41.28125,
        -144.203125,
        -41.546875,
        17.359375,
        -36,
        14,
        -33.125,
        -147.3125,
        -10,
        3,
        -25.03125,
        -150.578125,
        -17,
        -154,
        -14.84375,
        -154.53125,
        -12.875,
        -155.125,
        -11.09375,
        -155.78125,
        -9.5,
        -156.5,
        -3.546875,
        0.703125,
        -8.09375,
        -157.28125,
        -6.875,
        -158.125,
        -5.84375,
        -159.03125,
        -5,
        -160,
        4,
        -144,
        2.8125,
        -1.6875,
        9.078125,
        -4.171875,
        10,
        -89,
        10,
        -87,
        15.25,
        -6.75,
        22,
        -60,
        21.328125,
        -9.421875,
        27.3125,
        -12.1875,
        31,
        -37.125,
        32.125,
        -39.90625,
        30.625,
        -34.15625,
        30,
        -28,
        34,
        -42.5,
        36.625,
        -44.90625,
        40,
        -47.125,
        44.125,
        -49.15625,
        49,
        -51,
        31,
        -31,
        33.203125,
        -15.046875,
        33,
        -22,
        34,
        -19,
        39,
        -18,
        -114,
        -271,
        -111,
        -248,
        -116,
        -259,
        -111,
        -269,
        -108,
        -247
      ],