{
  "contours": [
    {
      "fill": {
        "kind": 0,
        "color": 4286611584
      },
      "vertices": [
        603,
        -312,
        603,
        137,
        443,
        -312,
        443,
        137,
        523,
        137,
        601.4053262272994,
        152.8935464636049,
        596.6848795202308,
        168.15346738469205,
        589.0268491927743,
        182.17139787160284,
        578.7365367477732,
        194.38848727196182,
        566.2241844694512,
        204.3176787846317,
        551.9886203581339,
        211.56312687737812,
        536.5973714320193,
        215.83597839907682,
        523,
        217,
        156,
        217,
        523,
        57,
        156,
        57,
        156,
        137,
        140.10645353639512,
        215.40532622729933,
        124.84653261530798,
        210.68487952023082,
        110.82860212839716,
        203.02684919277425,
        98.61151272803819,
        192.73653674777324,
        88.68232121536828,
        180.2241844694512,
        81.43687312262189,
        165.9886203581339,
        77.16402160092318,
        150.59737143201926,
        76,
        137,
        76,
        -312,
        236,
        137,
        236,
        -312,
        156,
        -312,
        77.59467377270067,
        -327.8935464636049,
        82.31512047976918,
        -343.153467384692,
        89.97315080722574,
        -357.17139787160284,
        100.26346325222676,
        -369.3884872719618,
        112.77581553054881,
        -379.3176787846317,
        127.01137964186611,
        -386.5631268773781,
        142.40262856798074,
        -390.8359783990768,
        156,
        -392,
        523,
        -392,
        156,
        -232,
        523,
        -232,
        523,
        -312,
        538.8935464636049,
        -390.4053262272993,
        554.153467384692,
        -385.6848795202308,
        568.1713978716028,
        -378.02684919277425,
        580.3884872719618,
        -367.73653674777324,
        590.3176787846318,
        -355.2241844694512,
        597.5631268773781,
        -340.98862035813386,
        601.8359783990768,
        -325.59737143201926
      ],
      "indices": [
        0,
        1,
        2,
        2,
        1,
        3,
        1,
        4,
        1,
        1,
        4,
        5,
        5,
        4,
        6,
        6,
        4,
        7,
        7,
        4,
        8,
        8,
        4,
        9,
        9,
        4,
        10,
        10,
        4,
        11,
        11,
        4,
        12,
        12,
        13,
        14,
        14,
        13,
        15,
        13,
        16,
        13,
        13,
        16,
        17,
        17,
        16,
        18,
        18,
        16,
        19,
        19,
        16,
        20,
        20,
        16,
        21,
        21,
        16,
        22,
        22,
        16,
        23,
        23,
        16,
        24,
        24,
        25,
        26,
        26,
        25,
        27,
        25,
        28,
        25,
        25,
        28,
        29,
        29,
        28,
        30,
        30,
        28,
        31,
        31,
        28,
        32,
        32,
        28,
        33,
        33,
        28,
        34,
        34,
        28,
        35,
        35,
        28,
        36,
        36,
        37,
        38,
        38,
        37,
        39,
        37,
        40,
        37,
        37,
        40,
        41,
        41,
        40,
        42,
        42,
        40,
        43,
        43,
        40,
        44,
        44,
        40,
        45,
        45,
        40,
        46,
        46,
        40,
        47,
        47,
        40,
        0
      ]
    },
    {
      "fill": {
        "kind": 0,
        "color": 4288848546
      },
      "vertices": [659, 0, 0, 700, 0, 0, 659, 700],
      "indices": [0, 1, 2, 1, 0, 3]
    },
    {
      "fill": {
        "kind": 0,
        "color": 4286611584
      },
      "vertices": [
        699,
        0,
        699,
        700,
        619,
        0,
        619,
        700,
        699,
        740,
        659,
        700,
        659,
        740,
        0,
        740,
        659,
        660,
        0,
        660,
        -40,
        740,
        0,
        700,
        -40,
        700,
        -40,
        0,
        40,
        700,
        40,
        0,
        -40,
        -40,
        0,
        0,
        0,
        -40,
        659,
        -40,
        0,
        40,
        659,
        40,
        699,
        -40,
        659,
        0
      ],
      "indices": [
        0,
        1,
        2,
        2,
        1,
        3,
        1,
        4,
        5,
        5,
        4,
        6,
        6,
        7,
        8,
        8,
        7,
        9,
        7,
        10,
        11,
        11,
        10,
        12,
        12,
        13,
        14,
        14,
        13,
        15,
        13,
        16,
        17,
        17,
        16,
        18,
        18,
        19,
        20,
        20,
        19,
        21,
        19,
        22,
        23,
        23,
        22,
        0
      ]
    }
  ],
  "bounds": [-40, -392, 739, 1132]
}
