{
  "contours": [
    {
      "fill": {
        "kind": 0,
        "color": 4288256409
      },
      "vertices": [
        1130,
        457,
        1270,
        502,
        1094,
        502,
        1230,
        453,
        1244,
        356,
        1260,
        303,
        1165,
        323,
        1187,
        386,
        1158,
        374,
        1175,
        298,
        1200,
        337,
        1305,
        222,
        1286,
        391,
        1315,
        451,
        1328,
        364,
        1360,
        218,
        1344,
        342,
        1394,
        365,
        1372,
        265,
        1370,
        221,
        1392,
        327,
        1398,
        346,
        1402,
        329,
        1440,
        378,
        1404,
        329,
        1456,
        345,
        1450,
        368,
        1331,
        477,
        1357,
        423,
        1360,
        562,
        1370,
        439,
        1418,
        587,
        1340.109375,
        165.328125,
        1340.109375,
        172.4375,
        1340,
        169,
        1340.4375,
        161.8125,
        1340.4375,
        175.75,
        1340.984375,
        158.453125,
        1340.984375,
        178.9375,
        1341.75,
        155.25,
        1341.75,
        182,
        1342.734375,
        152.203125,
        1342.734375,
        184.9375,
        1343.9375,
        149.3125,
        1343.9375,
        187.75,
        1345.359375,
        146.578125,
        1345.359375,
        190.4375,
        1347,
        144,
        1347,
        193,
        1351,
        139,
        1351,
        198,
        1354.078125,
        136.421875,
        1354.078125,
        200.578125,
        1357.3125,
        134.1875,
        1357.3125,
        202.8125,
        1360.703125,
        132.296875,
        1360.703125,
        204.703125,
        1364.25,
        130.75,
        1364.25,
        206.25,
        1367.953125,
        129.546875,
        1367.953125,
        207.453125,
        1371.8125,
        128.6875,
        1371.8125,
        208.3125,
        1375.828125,
        128.171875,
        1375.828125,
        208.828125,
        1380,
        128,
        1380,
        209,
        1384.40625,
        128.171875,
        1384.40625,
        208.828125,
        1388.625,
        128.6875,
        1388.625,
        208.3125,
        1392.65625,
        129.546875,
        1392.65625,
        207.453125,
        1396.5,
        130.75,
        1396.5,
        206.25,
        1400.15625,
        132.296875,
        1400.15625,
        204.703125,
        1403.625,
        134.1875,
        1403.625,
        202.8125,
        1406.90625,
        136.421875,
        1406.90625,
        200.578125,
        1410,
        139,
        1410,
        198,
        1412.578125,
        142.09375,
        1412.578125,
        194.921875,
        1414.8125,
        145.375,
        1414.8125,
        191.6875,
        1416.703125,
        148.84375,
        1416.703125,
        188.296875,
        1418.25,
        152.5,
        1418.25,
        184.75,
        1419.453125,
        156.34375,
        1419.453125,
        181.046875,
        1420.3125,
        160.375,
        1420.3125,
        177.1875,
        1420.828125,
        164.59375,
        1420.828125,
        173.171875,
        1421,
        169
      ],
      "indices": [
        0,
        1,
        2,
        1,
        0,
        3,
        1,
        3,
        4,
        1,
        4,
        5,
        6,
        7,
        8,
        7,
        6,
        9,
        7,
        9,
        10,
        10,
        9,
        11,
        10,
        11,
        5,
        5,
        11,
        1,
        1,
        11,
        12,
        12,
        11,
        13,
        13,
        11,
        14,
        14,
        11,
        15,
        14,
        15,
        16,
        16,
        15,
        17,
        17,
        15,
        18,
        18,
        15,
        19,
        17,
        18,
        20,
        17,
        20,
        21,
        21,
        20,
        22,
        21,
        23,
        17,
        23,
        21,
        24,
        23,
        24,
        25,
        23,
        25,
        26,
        14,
        27,
        13,
        27,
        14,
        28,
        27,
        28,
        29,
        29,
        28,
        30,
        29,
        30,
        31,
        32,
        33,
        34,
        33,
        32,
        35,
        33,
        35,
        36,
        36,
        35,
        37,
        36,
        37,
        38,
        38,
        37,
        39,
        38,
        39,
        40,
        40,
        39,
        41,
        40,
        41,
        42,
        42,
        41,
        43,
        42,
        43,
        44,
        44,
        43,
        45,
        44,
        45,
        46,
        46,
        45,
        47,
        46,
        47,
        48,
        48,
        47,
        49,
        48,
        49,
        50,
        50,
        49,
        51,
        50,
        51,
        52,
        52,
        51,
        53,
        52,
        53,
        54,
        54,
        53,
        55,
        54,
        55,
        56,
        56,
        55,
        57,
        56,
        57,
        58,
        58,
        57,
        59,
        58,
        59,
        60,
        60,
        59,
        61,
        60,
        61,
        62,
        62,
        61,
        63,
        62,
        63,
        64,
        64,
        63,
        65,
        64,
        65,
        66,
        66,
        65,
        67,
        66,
        67,
        68,
        68,
        67,
        69,
        68,
        69,
        70,
        70,
        69,
        71,
        70,
        71,
        72,
        72,
        71,
        73,
        72,
        73,
        74,
        74,
        73,
        75,
        74,
        75,
        76,
        76,
        75,
        77,
        76,
        77,
        78,
        78,
        77,
        79,
        78,
        79,
        80,
        80,
        79,
        81,
        80,
        81,
        82,
        82,
        81,
        83,
        82,
        83,
        84,
        84,
        83,
        85,
        84,
        85,
        86,
        86,
        85,
        87,
        86,
        87,
        88,
        88,
        87,
        89,
        88,
        89,
        90,
        90,
        89,
        91,
        90,
        91,
        92,
        92,
        91,
        93,
        92,
        93,
        94,
        94,
        93,
        95,
        94,
        95,
        96,
        96,
        95,
        97
      ]
    },
    {
      "fill": {
        "kind": 0,
        "color": 4289638062
      },
      "vertices": [
        1061,
        362,
        424,
        428,
        424,
        362,
        1061,
        428,
        424,
        284,
        424,
        495,
        242,
        390
      ],
      "indices": [0, 1, 2, 1, 0, 3, 4, 5, 6, 5, 4, 2, 5, 2, 1]
    },
    {
      "fill": {
        "kind": 0,
        "color": 4289638062
      },
      "vertices": [
        2352,
        390,
        2170,
        362,
        2170,
        284,
        2170,
        428,
        2170,
        495,
        1533,
        428,
        1533,
        362
      ],
      "indices": [0, 1, 2, 1, 0, 3, 3, 0, 4, 1, 5, 6, 5, 1, 3]
    }
  ],
  "bounds": [0, 0, 2352, 587]
}
