{
  "contours": [
    {
      "fill": {
        "kind": 0,
        "color": 4284374622
      },
      "vertices": [250, 0, 0, 1000, 0, 0, 250, 1000],
      "indices": [0, 1, 2, 1, 0, 3]
    },
    {
      "fill": {
        "kind": 0,
        "color": 4287993237
      },
      "vertices": [
        260,
        0,
        260,
        1000,
        240,
        0,
        240,
        1000,
        250,
        1000,
        259.8006657784124,
        1001.9866933079506,
        259.21060994002886,
        1003.8941834230865,
        258.25335614909676,
        1005.6464247339503,
        256.96706709347166,
        1007.1735609089952,
        255.40302305868138,
        1008.4147098480789,
        253.62357754476673,
        1009.3203908596722,
        251.69967142900242,
        1009.8544972998847,
        250,
        1010,
        0,
        1010,
        250,
        990,
        0,
        990,
        0,
        1000,
        6.123233995736766e-16,
        1010,
        -1.986693307950611,
        1009.8006657784124,
        -3.8941834230865036,
        1009.2106099400288,
        -5.6464247339503535,
        1008.2533561490968,
        -7.173560908995226,
        1006.9670670934717,
        -8.414709848078965,
        1005.4030230586814,
        -9.320390859672264,
        1003.6235775447667,
        -9.854497299884603,
        1001.6996714290024,
        -10,
        1000,
        -10,
        0,
        10,
        1000,
        10,
        0,
        0,
        0,
        -10,
        1.2246467991473533e-15,
        -9.800665778412416,
        -1.9866933079506128,
        -9.210609940028853,
        -3.894183423086503,
        -8.253356149096783,
        -5.6464247339503535,
        -6.967067093471656,
        -7.173560908995226,
        -5.403023058681398,
        -8.414709848078964,
        -3.623577544766735,
        -9.320390859672264,
        -1.699671429002407,
        -9.854497299884603,
        0,
        -10,
        250,
        -10,
        0,
        10,
        250,
        10,
        250,
        0,
        251.98669330795062,
        -9.800665778412416,
        253.8941834230865,
        -9.210609940028851,
        255.64642473395037,
        -8.253356149096781,
        257.1735609089952,
        -6.967067093471654,
        258.414709848079,
        -5.403023058681397,
        259.3203908596723,
        -3.6235775447667335,
        259.8544972998846,
        -1.6996714290024075
      ],
      "indices": [
        0,
        1,
        2,
        2,
        1,
        3,
        1,
        4,
        1,
        1,
        4,
        5,
        5,
        4,
        6,
        6,
        4,
        7,
        7,
        4,
        8,
        8,
        4,
        9,
        9,
        4,
        10,
        10,
        4,
        11,
        11,
        4,
        12,
        12,
        13,
        14,
        14,
        13,
        15,
        13,
        16,
        17,
        17,
        16,
        18,
        18,
        16,
        19,
        19,
        16,
        20,
        20,
        16,
        21,
        21,
        16,
        22,
        22,
        16,
        23,
        23,
        16,
        24,
        24,
        16,
        25,
        25,
        26,
        27,
        27,
        26,
        28,
        26,
        29,
        30,
        30,
        29,
        31,
        31,
        29,
        32,
        32,
        29,
        33,
        33,
        29,
        34,
        34,
        29,
        35,
        35,
        29,
        36,
        36,
        29,
        37,
        37,
        29,
        38,
        38,
        39,
        40,
        40,
        39,
        41,
        39,
        42,
        39,
        39,
        42,
        43,
        43,
        42,
        44,
        44,
        42,
        45,
        45,
        42,
        46,
        46,
        42,
        47,
        47,
        42,
        48,
        48,
        42,
        49,
        49,
        42,
        0
      ]
    }
  ],
  "bounds": [-10, -10, 270, 1020]
}
