{
  "contours": [
    {
      "fill": {
        "kind": 0,
        "color": 4288256409
      },
      "vertices": [
        329,
        436,
        425,
        467,
        304,
        467,
        398,
        433,
        407,
        367,
        418,
        330,
        353,
        344,
        368,
        387,
        348,
        379,
        360,
        327,
        377,
        354,
        449,
        275,
        436,
        391,
        456,
        432,
        465,
        372,
        487,
        272,
        476,
        357,
        510,
        373,
        495,
        304,
        494,
        274,
        509,
        347,
        513,
        360,
        516,
        348,
        542,
        382,
        517,
        348,
        553,
        359,
        549,
        375,
        467,
        450,
        485,
        413,
        487,
        508,
        494,
        424,
        527,
        525,
        473.078125,
        235.546875,
        478,
        255,
        473,
        238,
        473.3125,
        233.1875,
        473.703125,
        230.921875,
        474.25,
        228.75,
        474.953125,
        226.671875,
        475.8125,
        224.6875,
        476.828125,
        222.796875,
        478,
        221,
        481,
        218,
        481,
        258,
        483.0625,
        216.125,
        483.0625,
        259.875,
        485.25,
        214.5,
        485.25,
        261.5,
        487.5625,
        213.125,
        487.5625,
        262.875,
        490,
        212,
        490,
        264,
        492.5625,
        211.125,
        492.5625,
        264.875,
        495.25,
        210.5,
        495.25,
        265.5,
        498.0625,
        210.125,
        498.0625,
        265.875,
        501,
        210,
        501,
        266,
        503.9375,
        210.125,
        503.9375,
        265.875,
        506.75,
        210.5,
        506.75,
        265.5,
        509.4375,
        211.125,
        509.4375,
        264.875,
        512,
        212,
        512,
        264,
        514.4375,
        213.125,
        514.4375,
        262.875,
        516.75,
        214.5,
        516.75,
        261.5,
        518.9375,
        216.125,
        518.9375,
        259.875,
        521,
        218,
        521,
        258,
        522.875,
        220.0625,
        522.875,
        255.9375,
        524.5,
        222.25,
        524.5,
        253.75,
        525.875,
        224.5625,
        525.875,
        251.4375,
        527,
        227,
        527,
        249,
        527.875,
        229.5625,
        527.875,
        246.4375,
        528.5,
        232.25,
        528.5,
        243.75,
        528.875,
        235.0625,
        528.875,
        240.9375,
        529,
        238
      ],
      "indices": [
        0,
        1,
        2,
        1,
        0,
        3,
        1,
        3,
        4,
        1,
        4,
        5,
        6,
        7,
        8,
        7,
        6,
        9,
        7,
        9,
        10,
        10,
        9,
        11,
        10,
        11,
        5,
        5,
        11,
        1,
        1,
        11,
        12,
        12,
        11,
        13,
        13,
        11,
        14,
        14,
        11,
        15,
        14,
        15,
        16,
        16,
        15,
        17,
        17,
        15,
        18,
        18,
        15,
        19,
        17,
        18,
        20,
        17,
        20,
        21,
        21,
        20,
        22,
        21,
        23,
        17,
        23,
        21,
        24,
        23,
        24,
        25,
        23,
        25,
        26,
        14,
        27,
        13,
        27,
        14,
        28,
        27,
        28,
        29,
        29,
        28,
        30,
        29,
        30,
        31,
        32,
        33,
        34,
        33,
        32,
        35,
        33,
        35,
        36,
        33,
        36,
        37,
        33,
        37,
        38,
        33,
        38,
        39,
        33,
        39,
        40,
        33,
        40,
        41,
        33,
        41,
        42,
        33,
        42,
        43,
        43,
        42,
        44,
        43,
        44,
        45,
        45,
        44,
        46,
        45,
        46,
        47,
        47,
        46,
        48,
        47,
        48,
        49,
        49,
        48,
        50,
        49,
        50,
        51,
        51,
        50,
        52,
        51,
        52,
        53,
        53,
        52,
        54,
        53,
        54,
        55,
        55,
        54,
        56,
        55,
        56,
        57,
        57,
        56,
        58,
        57,
        58,
        59,
        59,
        58,
        60,
        59,
        60,
        61,
        61,
        60,
        62,
        61,
        62,
        63,
        63,
        62,
        64,
        63,
        64,
        65,
        65,
        64,
        66,
        65,
        66,
        67,
        67,
        66,
        68,
        67,
        68,
        69,
        69,
        68,
        70,
        69,
        70,
        71,
        71,
        70,
        72,
        71,
        72,
        73,
        73,
        72,
        74,
        73,
        74,
        75,
        75,
        74,
        76,
        75,
        76,
        77,
        77,
        76,
        78,
        77,
        78,
        79,
        79,
        78,
        80,
        79,
        80,
        81,
        81,
        80,
        82,
        81,
        82,
        83,
        83,
        82,
        84,
        83,
        84,
        85,
        85,
        84,
        86,
        85,
        86,
        87,
        87,
        86,
        88,
        87,
        88,
        89,
        89,
        88,
        90
      ]
    },
    {
      "fill": {
        "kind": 0,
        "color": 4289638062
      },
      "vertices": [
        1241,
        355,
        1116,
        336,
        1116,
        282,
        1116,
        381,
        1116,
        427,
        678,
        381,
        678,
        336
      ],
      "indices": [0, 1, 2, 1, 0, 3, 3, 0, 4, 1, 5, 6, 5, 1, 3]
    }
  ],
  "bounds": [0, 0, 1241, 525]
}
