{
  "contours": [
    {
      "fill": {
        "kind": 0,
        "color": 4294967295
      },
      "vertices": [1600, 0, 0, 440, 0, 0, 1600, 440],
      "indices": [0, 1, 2, 1, 0, 3]
    },
    {
      "fill": {
        "kind": 0,
        "color": 4278190080
      },
      "vertices": [
        1600,
        440.5,
        0,
        440.5,
        1600,
        439.5,
        0,
        439.5,
        0,
        440,
        3.061616997868383e-17,
        440.5,
        -0.09933466539753055,
        440.49003328892064,
        -0.19470917115432518,
        440.46053049700146,
        -0.2823212366975177,
        440.41266780745485,
        -0.3586780454497613,
        440.3483533546736,
        -0.42073549240394825,
        440.2701511529341,
        -0.4660195429836132,
        440.1811788772383,
        -0.4927248649942301,
        440.0849835714501,
        -0.5,
        440,
        -0.5,
        0,
        0.5,
        440,
        0.5,
        0,
        0,
        0,
        -0.5,
        6.123233995736766e-17,
        -0.4900332889206208,
        -0.09933466539753064,
        -0.4605304970014426,
        -0.19470917115432515,
        -0.41266780745483916,
        -0.2823212366975177,
        -0.3483533546735828,
        -0.3586780454497613,
        -0.2701511529340699,
        -0.4207354924039482,
        -0.18117887723833676,
        -0.4660195429836132,
        -0.08498357145012035,
        -0.4927248649942301,
        0,
        -0.5,
        1600,
        -0.5,
        0,
        0.5,
        1600,
        0.5,
        1600,
        0,
        1600.0993346653975,
        -0.4900332889206208,
        1600.1947091711543,
        -0.46053049700144255,
        1600.2823212366975,
        -0.4126678074548391,
        1600.3586780454498,
        -0.3483533546735827,
        1600.420735492404,
        -0.2701511529340698,
        1600.4660195429835,
        -0.18117887723833667,
        1600.4927248649942,
        -0.08498357145012038,
        1600.5,
        0,
        1600.5,
        440,
        1599.5,
        0,
        1599.5,
        440,
        1600,
        440,
        1600.4900332889206,
        440.0993346653975,
        1600.4605304970014,
        440.19470917115433,
        1600.412667807455,
        440.2823212366975,
        1600.3483533546737,
        440.3586780454498,
        1600.270151152934,
        440.42073549240394,
        1600.1811788772384,
        440.4660195429836,
        1600.08498357145,
        440.4927248649942
      ],
      "indices": [
        0,
        1,
        2,
        2,
        1,
        3,
        1,
        4,
        5,
        5,
        4,
        6,
        6,
        4,
        7,
        7,
        4,
        8,
        8,
        4,
        9,
        9,
        4,
        10,
        10,
        4,
        11,
        11,
        4,
        12,
        12,
        4,
        13,
        13,
        14,
        15,
        15,
        14,
        16,
        14,
        17,
        18,
        18,
        17,
        19,
        19,
        17,
        20,
        20,
        17,
        21,
        21,
        17,
        22,
        22,
        17,
        23,
        23,
        17,
        24,
        24,
        17,
        25,
        25,
        17,
        26,
        26,
        27,
        28,
        28,
        27,
        29,
        27,
        30,
        27,
        27,
        30,
        31,
        31,
        30,
        32,
        32,
        30,
        33,
        33,
        30,
        34,
        34,
        30,
        35,
        35,
        30,
        36,
        36,
        30,
        37,
        37,
        30,
        38,
        38,
        39,
        40,
        40,
        39,
        41,
        39,
        42,
        39,
        39,
        42,
        43,
        43,
        42,
        44,
        44,
        42,
        45,
        45,
        42,
        46,
        46,
        42,
        47,
        47,
        42,
        48,
        48,
        42,
        49,
        49,
        42,
        0
      ]
    }
  ],
  "bounds": [-0.5, -0.5, 1601, 441]
}
