{
  "contours": [
    {
      "fill": {
        "kind": 0,
        "color": 4288848546
      },
      "vertices": [
        658,
        1126,
        654,
        1308,
        594,
        1140,
        644,
        1324,
        469,
        1316,
        478,
        1252,
        648,
        1316,
        555,
        1236,
        585,
        1209
      ],
      "indices": [0, 1, 2, 3, 4, 5, 6, 7, 8]
    },
    {
      "fill": {
        "kind": 0,
        "color": 4294967295
      },
      "vertices": [
        914,
        1306,
        923,
        1357,
        911,
        1333,
        932,
        1126,
        946,
        1296,
        950,
        1344,
        949,
        1290,
        950,
        1290,
        950,
        1293,
        950,
        1291,
        903,
        1408,
        941,
        1466,
        901,
        1426,
        962,
        1407,
        968,
        1466,
        894,
        1502,
        987,
        1643,
        879,
        1643,
        901,
        1509,
        936,
        1513,
        973,
        1509
      ],
      "indices": [
        0,
        1,
        2,
        1,
        0,
        3,
        1,
        3,
        4,
        1,
        4,
        5,
        3,
        6,
        4,
        6,
        3,
        7,
        6,
        8,
        4,
        8,
        6,
        9,
        10,
        11,
        12,
        11,
        10,
        13,
        11,
        13,
        14,
        15,
        16,
        17,
        16,
        15,
        18,
        16,
        18,
        19,
        16,
        19,
        20
      ]
    },
    {
      "fill": {
        "kind": 0,
        "color": 4287993237
      },
      "vertices": [
        977,
        1347,
        1067,
        1393,
        962,
        1407,
        1050,
        1339,
        800,
        1287,
        749,
        1316,
        749,
        1302,
        770,
        1380,
        894,
        1502,
        882,
        1407,
        901,
        1426,
        901,
        1509,
        941,
        1466,
        936,
        1513,
        973,
        1509,
        968,
        1466,
        1002,
        1466,
        1000,
        1506,
        655.25,
        1367.75,
        655.5625,
        1376.6875,
        655.140625,
        1372.171875,
        655.890625,
        1363.421875,
        656.515625,
        1381.296875,
        657.0625,
        1359.1875,
        658,
        1386,
        658.765625,
        1355.046875,
        659.421875,
        1391.109375,
        661,
        1351,
        661.1875,
        1395.9375,
        663.6875,
        1346.71875,
        663.296875,
        1400.484375,
        665.75,
        1404.75,
        666.75,
        1342.875,
        668.546875,
        1408.734375,
        670.1875,
        1339.46875,
        671.6875,
        1412.4375,
        674,
        1336.5,
        675.171875,
        1415.859375,
        678.1875,
        1333.96875,
        679,
        1419,
        682.75,
        1331.875,
        685,
        1423,
        687.6875,
        1330.21875,
        689.015625,
        1423.875,
        693,
        1329,
        693.0625,
        1424.5,
        728,
        1332,
        697.140625,
        1424.875,
        701.25,
        1425,
        705.390625,
        1424.875,
        709.5625,
        1424.5,
        713.765625,
        1423.875,
        718,
        1423,
        722.140625,
        1421.21875,
        726.0625,
        1419.375,
        729.765625,
        1417.46875,
        732.546875,
        1334.84375,
        733.25,
        1415.5,
        736.6875,
        1337.875,
        736.515625,
        1413.46875,
        739.5625,
        1411.375,
        740.421875,
        1341.09375,
        742.390625,
        1409.21875,
        743.75,
        1344.5,
        745,
        1407,
        746.671875,
        1348.09375,
        748,
        1399,
        749.1875,
        1351.875,
        750.046875,
        1394.453125,
        751.296875,
        1355.84375,
        751.6875,
        1389.8125,
        753,
        1360,
        752.921875,
        1385.078125,
        753.75,
        1380.25,
        753.796875,
        1365.203125,
        754.171875,
        1375.328125,
        754.1875,
        1370.3125,
        914,
        1306,
        911,
        1333,
        903,
        1408,
        950,
        1290,
        950,
        1291,
        949,
        1290,
        980,
        1265,
        950,
        1293,
        950,
        1344,
        980,
        1266,
        1018,
        1309,
        1026,
        1231,
        1178,
        1385,
        1127,
        1389,
        1105,
        1510,
        1168,
        1540,
        923,
        1357,
        946,
        1296
      ],