{
  "contours": [
    {
      "fill": {
        "kind": 0,
        "color": 4288848546
      },
      "vertices": [
        688,
        296,
        595,
        216,
        625,
        189,
        684,
        304,
        509,
        296,
        518,
        232,
        698,
        106,
        694,
        288,
        634,
        120
      ],
      "indices": [0, 1, 2, 3, 4, 5, 6, 7, 8]
    },
    {
      "fill": {
        "kind": 0,
        "color": 4294967295
      },
      "vertices": [1027, 623, 919, 623, 972, 106],
      "indices": [0, 1, 2]
    },
    {
      "fill": {
        "kind": 0,
        "color": 4287993237
      },
      "vertices": [
        695.25,
        347.75,
        695.5625,
        356.6875,
        695.140625,
        352.171875,
        695.890625,
        343.421875,
        696.515625,
        361.296875,
        697.0625,
        339.1875,
        698,
        366,
        698.765625,
        335.046875,
        699.421875,
        371.109375,
        701,
        331,
        701.1875,
        375.9375,
        703.6875,
        326.71875,
        703.296875,
        380.484375,
        705.75,
        384.75,
        706.75,
        322.875,
        708.546875,
        388.734375,
        710.1875,
        319.46875,
        711.6875,
        392.4375,
        714,
        316.5,
        715.171875,
        395.859375,
        718.1875,
        313.96875,
        719,
        399,
        722.75,
        311.875,
        719.96875,
        399.0625,
        720.875,
        399.25,
        721.71875,
        399.5625,
        722.5,
        400,
        723.21875,
        400.5625,
        727.6875,
        310.21875,
        723.875,
        401.25,
        724.46875,
        402.0625,
        725,
        403,
        729.015625,
        403.875,
        733,
        309,
        733.0625,
        404.5,
        768,
        312,
        737.140625,
        404.875,
        741.25,
        405,
        745.390625,
        404.875,
        749.5625,
        404.5,
        753.765625,
        403.875,
        758,
        403,
        785,
        387,
        772.546875,
        314.84375,
        776.6875,
        317.875,
        780.421875,
        321.09375,
        783.75,
        324.5,
        786.671875,
        328.09375,
        788,
        379,
        789.1875,
        331.875,
        790.046875,
        374.453125,
        791.296875,
        335.84375,
        791.6875,
        369.8125,
        793,
        340,
        792.921875,
        365.078125,
        793.75,
        360.25,
        793.796875,
        345.203125,
        794.171875,
        355.328125,
        794.1875,
        350.3125,
        1020,
        245,
        990,
        272,
        989,
        270,
        1017,
        327,
        1020,
        246,
        1058,
        289,
        1066,
        211,
        1090,
        319,
        1218,
        365,
        1107,
        373,
        1167,
        369,
        1145,
        490,
        1208,
        520,
        972,
        287,
        963,
        287,
        963,
        284,
        922,
        387,
        840,
        267,
        989,
        388,
        789,
        296,
        789,
        282,
        810,
        360,
        941,
        489,
        981,
        446,
        976,
        493,
        1040,
        486,
        1042,
        446
      ],
      "indices": [
        0,
        1,
        2,
        1,
        0,
        3,
        1,
        3,
        4,
        4,
        3,
        5,
        4,
        5,
        6,
        6,
        5,
        7,
        6,
        7,
        8,
        8,
        7,
        9,
        8,
        9,
        10,
        10,
        9,
        11,
        10,
        11,
        12,
        12,
        11,
        13,
        13,
        11,
        14,
        13,
        14,
        15,
        15,
        14,
        16,
        15,
        16,
        17,
        17,
        16,
        18,
        17,
        18,
        19,
        19,
        18,
        20,
        19,
        20,
        21,
        21,
        20,
        22,
        21,
        22,
        23,
        23,
        22,
        24,
        24,
        22,
        25,
        25,
        22,
        26,
        26,
        22,
        27,
        27,
        22,
        28,
        27,
        28,
        29,
        29,
        28,
        30,
        30,
        28,
        31,
        31,
        28,
        32,
        32,
        28,
        33,
        32,
        33,
        34,
        34,
        33,
        35,
        34,
        35,
        36,
        36,
        35,
        37,
        37,
        35,
        38,
        38,
        35,
        39,
        39,
        35,
        40,
        40,
        35,
        41,
        41,
        35,
        42,
        42,
        35,
        43,
        42,
        43,
        44,
        42,
        44,
        45,
        42,
        45,
        46,
        42,
        46,
        47,
        42,
        47,
        48,
        48,
        47,
        49,
        48,
        49,
        50,
        50,
        49,
        51,
        50,
        51,
        52,
        52,
        51,
        53,
        52,
        53,
        54,
        54,
        53,
        55,
        55,
        53,
        56,
        55,
        56,
        57,
        57,
        56,
        58,
        59,
        60,
        61,
        60,
        59,
        62,
        62,
        59,
        63,
        62,
        63,
        64,
        64,
        63,
        65,
        64,
        65,
        66,
        66,
        65,
        67,
        66,
        67,
        68,
        68,
        67,
        69,
        68,
        69,
        70,
        71,
        70,
        69,
        72,
        73,
        74,
        73,
        75,
        76,
        75,
        73,
        77,
        77,
        73,
        72,
        77,
        72,
        60,
        77,
        60,
        62,
        77,
        62,
        68,
        68,
        62,
        66,
        76,
        78,
        79,
        78,
        76,
        80,
        80,
        76,
        81,
        81,
        76,
        75,
        81,
        75,
        82,
        81,
        82,
        83,
        83,
        82,
        84,
        84,
        82,
        85
      ]
    },
    {
      "fill": {
        "kind": 0,
        "color": 4294967295
      },
      "vertices": [972, 106, 963, 337, 951, 313, 990, 324],
      "indices": [0, 1, 2, 1, 0, 3]
    }
  ],
  "bounds": [0, 0, 1218, 623]
}
