{
  "contours": [
    {
      "fill": {
        "kind": 0,
        "color": 4294967295
      },
      "vertices": [
        60.359375,
        91.671875,
        60,
        3840,
        60,
        100,
        5500,
        3840,
        61.4375,
        83.6875,
        63.234375,
        76.046875,
        65.75,
        68.75,
        68.984375,
        61.796875,
        72.9375,
        55.1875,
        77.609375,
        48.921875,
        83,
        43,
        88.921875,
        37.609375,
        95.1875,
        32.9375,
        101.796875,
        28.984375,
        108.75,
        25.75,
        116.046875,
        23.234375,
        123.6875,
        21.4375,
        131.671875,
        20.359375,
        140,
        20,
        5420,
        20,
        5428.109375,
        20.359375,
        5435.9375,
        21.4375,
        5443.484375,
        23.234375,
        5450.75,
        25.75,
        5457.734375,
        28.984375,
        5464.4375,
        32.9375,
        5470.859375,
        37.609375,
        5477,
        43,
        5482.390625,
        48.921875,
        5487.0625,
        55.1875,
        5491.015625,
        61.796875,
        5494.25,
        68.75,
        5496.765625,
        76.046875,
        5498.5625,
        83.6875,
        5499.640625,
        91.671875,
        5500,
        100
      ],
      "indices": [
        0,
        1,
        2,
        1,
        0,
        3,
        3,
        0,
        4,
        3,
        4,
        5,
        3,
        5,
        6,
        3,
        6,
        7,
        3,
        7,
        8,
        3,
        8,
        9,
        3,
        9,
        10,
        3,
        10,
        11,
        3,
        11,
        12,
        3,
        12,
        13,
        3,
        13,
        14,
        3,
        14,
        15,
        3,
        15,
        16,
        3,
        16,
        17,
        3,
        17,
        18,
        3,
        18,
        19,
        3,
        19,
        20,
        3,
        20,
        21,
        3,
        21,
        22,
        3,
        22,
        23,
        3,
        23,
        24,
        3,
        24,
        25,
        3,
        25,
        26,
        3,
        26,
        27,
        3,
        27,
        28,
        3,
        28,
        29,
        3,
        29,
        30,
        3,
        30,
        31,
        3,
        31,
        32,
        3,
        32,
        33,
        3,
        33,
        34,
        3,
        34,
        35
      ]
    }
  ],
  "bounds": [0, 0, 5500, 3840]
}
