{
  "contours": [
    {
      "fill": {
        "kind": 0,
        "color": 2583691263
      },
      "vertices": [
        0.359375,
        71.671875,
        0,
        3820,
        0,
        80,
        5440,
        3820,
        1.4375,
        63.6875,
        3.234375,
        56.046875,
        5.75,
        48.75,
        8.984375,
        41.796875,
        12.9375,
        35.1875,
        17.609375,
        28.921875,
        23,
        23,
        28.921875,
        17.609375,
        35.1875,
        12.9375,
        41.796875,
        8.984375,
        48.75,
        5.75,
        56.046875,
        3.234375,
        63.6875,
        1.4375,
        71.671875,
        0.359375,
        80,
        0,
        5360,
        0,
        5368.109375,
        0.359375,
        5375.9375,
        1.4375,
        5383.484375,
        3.234375,
        5390.75,
        5.75,
        5397.734375,
        8.984375,
        5404.4375,
        12.9375,
        5410.859375,
        17.609375,
        5417,
        23,
        5422.390625,
        28.921875,
        5427.0625,
        35.1875,
        5431.015625,
        41.796875,
        5434.25,
        48.75,
        5436.765625,
        56.046875,
        5438.5625,
        63.6875,
        5439.640625,
        71.671875,
        5440,
        80
      ],
      "indices": [
        0,
        1,
        2,
        1,
        0,
        3,
        3,
        0,
        4,
        3,
        4,
        5,
        3,
        5,
        6,
        3,
        6,
        7,
        3,
        7,
        8,
        3,
        8,
        9,
        3,
        9,
        10,
        3,
        10,
        11,
        3,
        11,
        12,
        3,
        12,
        13,
        3,
        13,
        14,
        3,
        14,
        15,
        3,
        15,
        16,
        3,
        16,
        17,
        3,
        17,
        18,
        3,
        18,
        19,
        3,
        19,
        20,
        3,
        20,
        21,
        3,
        21,
        22,
        3,
        22,
        23,
        3,
        23,
        24,
        3,
        24,
        25,
        3,
        25,
        26,
        3,
        26,
        27,
        3,
        27,
        28,
        3,
        28,
        29,
        3,
        29,
        30,
        3,
        30,
        31,
        3,
        31,
        32,
        3,
        32,
        33,
        3,
        33,
        34,
        3,
        34,
        35
      ]
    }
  ],
  "bounds": [0, 0, 5440, 3820]
}
