{
  "contours": [
    {
      "fill": {
        "kind": 0,
        "color": 4288256409
      },
      "vertices": [
        929,
        436,
        1025,
        467,
        904,
        467,
        998,
        433,
        1007,
        367,
        1018,
        330,
        953,
        344,
        968,
        387,
        948,
        379,
        960,
        327,
        977,
        354,
        1049,
        275,
        1036,
        391,
        1056,
        432,
        1065,
        372,
        1087,
        272,
        1076,
        357,
        1110,
        373,
        1095,
        304,
        1094,
        274,
        1109,
        347,
        1113,
        360,
        1116,
        348,
        1142,
        382,
        1117,
        348,
        1153,
        359,
        1149,
        375,
        1067,
        450,
        1085,
        413,
        1087,
        508,
        1094,
        424,
        1127,
        525,
        1073.078125,
        235.546875,
        1078,
        255,
        1073,
        238,
        1073.3125,
        233.1875,
        1073.703125,
        230.921875,
        1074.25,
        228.75,
        1074.953125,
        226.671875,
        1075.8125,
        224.6875,
        1076.828125,
        222.796875,
        1078,
        221,
        1081,
        218,
        1081,
        258,
        1083.0625,
        216.125,
        1083.0625,
        259.875,
        1085.25,
        214.5,
        1085.25,
        261.5,
        1087.5625,
        213.125,
        1087.5625,
        262.875,
        1090,
        212,
        1090,
        264,
        1092.5625,
        211.125,
        1092.5625,
        264.875,
        1095.25,
        210.5,
        1095.25,
        265.5,
        1098.0625,
        210.125,
        1098.0625,
        265.875,
        1101,
        210,
        1101,
        266,
        1103.9375,
        210.125,
        1103.9375,
        265.875,
        1106.75,
        210.5,
        1106.75,
        265.5,
        1109.4375,
        211.125,
        1109.4375,
        264.875,
        1112,
        212,
        1112,
        264,
        1114.4375,
        213.125,
        1114.4375,
        262.875,
        1116.75,
        214.5,
        1116.75,
        261.5,
        1118.9375,
        216.125,
        1118.9375,
        259.875,
        1121,
        218,
        1121,
        258,
        1122.875,
        220.0625,
        1122.875,
        255.9375,
        1124.5,
        222.25,
        1124.5,
        253.75,
        1125.875,
        224.5625,
        1125.875,
        251.4375,
        1127,
        227,
        1127,
        249,
        1127.875,
        229.5625,
        1127.875,
        246.4375,
        1128.5,
        232.25,
        1128.5,
        243.75,
        1128.875,
        235.0625,
        1128.875,
        240.9375,
        1129,
        238
      ],
      "indices": [
        0,
        1,
        2,
        1,
        0,
        3,
        1,
        3,
        4,
        1,
        4,
        5,
        6,
        7,
        8,
        7,
        6,
        9,
        7,
        9,
        10,
        10,
        9,
        11,
        10,
        11,
        5,
        5,
        11,
        1,
        1,
        11,
        12,
        12,
        11,
        13,
        13,
        11,
        14,
        14,
        11,
        15,
        14,
        15,
        16,
        16,
        15,
        17,
        17,
        15,
        18,
        18,
        15,
        19,
        17,
        18,
        20,
        17,
        20,
        21,
        21,
        20,
        22,
        21,
        23,
        17,
        23,
        21,
        24,
        23,
        24,
        25,
        23,
        25,
        26,
        14,
        27,
        13,
        27,
        14,
        28,
        27,
        28,
        29,
        29,
        28,
        30,
        29,
        30,
        31,
        32,
        33,
        34,
        33,
        32,
        35,
        33,
        35,
        36,
        33,
        36,
        37,
        33,
        37,
        38,
        33,
        38,
        39,
        33,
        39,
        40,
        33,
        40,
        41,
        33,
        41,
        42,
        33,
        42,
        43,
        43,
        42,
        44,
        43,
        44,
        45,
        45,
        44,
        46,
        45,
        46,
        47,
        47,
        46,
        48,
        47,
        48,
        49,
        49,
        48,
        50,
        49,
        50,
        51,
        51,
        50,
        52,
        51,
        52,
        53,
        53,
        52,
        54,
        53,
        54,
        55,
        55,
        54,
        56,
        55,
        56,
        57,
        57,
        56,
        58,
        57,
        58,
        59,
        59,
        58,
        60,
        59,
        60,
        61,
        61,
        60,
        62,
        61,
        62,
        63,
        63,
        62,
        64,
        63,
        64,
        65,
        65,
        64,
        66,
        65,
        66,
        67,
        67,
        66,
        68,
        67,
        68,
        69,
        69,
        68,
        70,
        69,
        70,
        71,
        71,
        70,
        72,
        71,
        72,
        73,
        73,
        72,
        74,
        73,
        74,
        75,
        75,
        74,
        76,
        75,
        76,
        77,
        77,
        76,
        78,
        77,
        78,
        79,
        79,
        78,
        80,
        79,
        80,
        81,
        81,
        80,
        82,
        81,
        82,
        83,
        83,
        82,
        84,
        83,
        84,
        85,
        85,
        84,
        86,
        85,
        86,
        87,
        87,
        86,
        88,
        87,
        88,
        89,
        89,
        88,
        90
      ]
    },
    {
      "fill": {
        "kind": 0,
        "color": 4289638062
      },
      "vertices": [
        1841,
        355,
        1716,
        336,
        1716,
        282,
        1716,
        381,
        1716,
        427,
        1278,
        381,
        1278,
        336
      ],
      "indices": [0, 1, 2, 1, 0, 3, 3, 0, 4, 1, 5, 6, 5, 1, 3]
    }
  ],
  "bounds": [0, 0, 1841, 525]
}
