{
  "contours": [
    {
      "fill": {
        "kind": 0,
        "color": 4283329793
      },
      "vertices": [874, 0, 0, 380, 0, 0, 874, 380],
      "indices": [0, 1, 2, 1, 0, 3]
    },
    {
      "fill": {
        "kind": 0,
        "color": 4289775229
      },
      "vertices": [
        874,
        390,
        0,
        390,
        874,
        370,
        0,
        370,
        0,
        380,
        6.123233995736766e-16,
        390,
        -1.986693307950611,
        389.8006657784124,
        -3.8941834230865036,
        389.21060994002886,
        -5.6464247339503535,
        388.25335614909676,
        -7.173560908995226,
        386.96706709347166,
        -8.414709848078965,
        385.4030230586814,
        -9.320390859672264,
        383.62357754476676,
        -9.854497299884603,
        381.6996714290024,
        -10,
        380,
        -10,
        0,
        10,
        380,
        10,
        0,
        0,
        0,
        -10,
        1.2246467991473533e-15,
        -9.800665778412416,
        -1.9866933079506128,
        -9.210609940028853,
        -3.894183423086503,
        -8.253356149096783,
        -5.6464247339503535,
        -6.967067093471656,
        -7.173560908995226,
        -5.403023058681398,
        -8.414709848078964,
        -3.623577544766735,
        -9.320390859672264,
        -1.699671429002407,
        -9.854497299884603,
        0,
        -10,
        874,
        -10,
        0,
        10,
        874,
        10,
        874,
        0,
        875.9866933079506,
        -9.800665778412416,
        877.8941834230865,
        -9.210609940028851,
        879.6464247339503,
        -8.253356149096781,
        881.1735609089952,
        -6.967067093471654,
        882.4147098480789,
        -5.403023058681397,
        883.3203908596722,
        -3.6235775447667335,
        883.8544972998847,
        -1.6996714290024075,
        884,
        0,
        884,
        380,
        864,
        0,
        864,
        380,
        874,
        380,
        883.8006657784124,
        381.9866933079506,
        883.2106099400288,
        383.89418342308653,
        882.2533561490968,
        385.64642473395037,
        880.9670670934717,
        387.1735609089952,
        879.4030230586814,
        388.414709848079,
        877.6235775447667,
        389.3203908596723,
        875.6996714290024,
        389.8544972998846
      ],
      "indices": [
        0,
        1,
        2,
        2,
        1,
        3,
        1,
        4,
        5,
        5,
        4,
        6,
        6,
        4,
        7,
        7,
        4,
        8,
        8,
        4,
        9,
        9,
        4,
        10,
        10,
        4,
        11,
        11,
        4,
        12,
        12,
        4,
        13,
        13,
        14,
        15,
        15,
        14,
        16,
        14,
        17,
        18,
        18,
        17,
        19,
        19,
        17,
        20,
        20,
        17,
        21,
        21,
        17,
        22,
        22,
        17,
        23,
        23,
        17,
        24,
        24,
        17,
        25,
        25,
        17,
        26,
        26,
        27,
        28,
        28,
        27,
        29,
        27,
        30,
        27,
        27,
        30,
        31,
        31,
        30,
        32,
        32,
        30,
        33,
        33,
        30,
        34,
        34,
        30,
        35,
        35,
        30,
        36,
        36,
        30,
        37,
        37,
        30,
        38,
        38,
        39,
        40,
        40,
        39,
        41,
        39,
        42,
        39,
        39,
        42,
        43,
        43,
        42,
        44,
        44,
        42,
        45,
        45,
        42,
        46,
        46,
        42,
        47,
        47,
        42,
        48,
        48,
        42,
        49,
        49,
        42,
        0
      ]
    }
  ],
  "bounds": [-10, -10, 894, 400]
}
