{
  "contours": [
    {
      "fill": {
        "kind": 0,
        "color": 4288256409
      },
      "vertices": [
        202.66076042095096,
        39.911406314264354,
        155.78576042095096,
        43.036406314264354,
        197.33923957904904,
        -39.911406314264354,
        150.46423957904904,
        -36.786406314264354,
        158.990135053809,
        42.822781338740484,
        153.125,
        3.125,
        162.11938026795033,
        42.1006478277848,
        121.49438026795033,
        51.4756478277848,
        144.13061973204967,
        -35.8506478277848,
        103.50561973204967,
        -26.475647827784798,
        125.40161618917467,
        50.57397799980995,
        112.5,
        12.5,
        129.05211777204735,
        48.91465909850419,
        94.67711777204735,
        64.53965909850419,
        95.94788222795265,
        -23.91465909850419,
        61.57288222795264,
        -8.289659098504188,
        98.96485374819255,
        62.590688200256366,
        78.125,
        28.125,
        102.68262454059682,
        59.69908869505305,
        74.55762454059682,
        81.57408869505305,
        53.56737545940318,
        -3.449088695053053,
        25.44237545940318,
        18.425911304946947,
        78.50438562747846,
        78.50438562747844,
        50,
        50,
        81.57408869505305,
        74.55762454059682,
        59.69908869505305,
        102.68262454059682,
        18.425911304946947,
        25.44237545940318,
        -3.449088695053053,
        53.56737545940318,
        62.59068820025637,
        98.96485374819255,
        28.125,
        78.125,
        64.53965909850419,
        94.67711777204735,
        48.91465909850419,
        129.05211777204735,
        -8.289659098504188,
        61.57288222795264,
        -23.91465909850419,
        95.94788222795265,
        50.57397799980995,
        125.40161618917469,
        12.5,
        112.5,
        51.4756478277848,
        121.49438026795033,
        42.1006478277848,
        162.11938026795033,
        -26.475647827784798,
        103.50561973204967,
        -35.8506478277848,
        144.13061973204967,
        42.822781338740484,
        158.990135053809,
        3.125,
        153.125,
        43.036406314264354,
        155.78576042095096,
        39.911406314264354,
        202.66076042095096,
        -36.786406314264354,
        150.46423957904904,
        -39.911406314264354,
        197.33923957904904,
        40,
        201.33185513491628,
        0,
        200,
        40,
        200,
        40,
        544,
        -40,
        200,
        -40,
        544,
        40,
        542.6681448650837,
        0,
        544,
        39.911406314264354,
        541.339239579049,
        43.036406314264354,
        588.214239579049,
        -39.911406314264354,
        546.660760420951,
        -36.786406314264354,
        593.535760420951,
        42.822781338740484,
        585.009864946191,
        3.125,
        590.875,
        42.1006478277848,
        581.8806197320497,
        51.4756478277848,
        622.5056197320497,
        -35.8506478277848,
        599.8693802679503,
        -26.475647827784798,
        640.4943802679503,
        50.57397799980993,
        618.5983838108252,
        12.5,
        631.5,
        48.91465909850419,
        614.9478822279526,
        64.53965909850419,
        649.3228822279526,
        -23.91465909850419,
        648.0521177720474,
        -8.289659098504188,
        682.4271177720474,
        62.59068820025636,
        645.0351462518074,
        28.125,
        665.875,
        59.69908869505305,
        641.3173754594031,
        81.57408869505305,
        669.4423754594031,
        -3.449088695053053,
        690.4326245405969,
        18.425911304946947,
        718.5576245405969,
        78.50438562747844,
        665.4956143725215,
        50,
        694,
        74.55762454059682,
        662.4259113049469,
        102.68262454059682,
        684.3009113049469,
        25.44237545940318,
        725.5740886950531,
        53.56737545940318,
        747.4490886950531,
        98.96485374819258,
        681.4093117997436,
        78.125,
        715.875,
        94.67711777204735,
        679.4603409014958,
        129.05211777204735,
        695.0853409014958,
        61.57288222795264,
        752.2896590985042,
        95.94788222795265,
        767.9146590985042,
        125.40161618917494,
        693.4260220001902,
        112.5,
        731.5,
        121.49438026795033,
        692.5243521722152,
        162.11938026795033,
        701.8993521722152,
        103.50561973204967,
        770.4756478277848,
        144.13061973204967,
        779.8506478277848,
        158.99013505380884,
        701.1772186612595,
        153.125,
        740.875,
        155.78576042095096,
        700.9635936857356,
        202.66076042095096,
        704.0885936857356,
        150.46423957904904,
        780.7864063142644,
        197.33923957904904,
        783.9114063142644,
        201.33185513491628,
        704,
        200,
        744,
        200,
        704,
        544,
        704,
        200,
        784,
        544,
        784,
        542.6681448650837,
        704,
        544,
        744,
        541.339239579049,
        704.0885936857356,
        588.214239579049,
        700.9635936857356,
        546.660760420951,
        783.9114063142644,
        593.535760420951,
        780.7864063142644,
        585.0098649461912,
        701.1772186612595,
        590.875,
        740.875,
        581.8806197320497,
        701.8993521722152,
        622.5056197320497,
        692.5243521722152,
        599.8693802679503,
        779.8506478277848,
        640.4943802679503,
        770.4756478277848,
        618.598383810825,
        693.4260220001902,
        631.5,
        731.5,
        614.9478822279526,
        695.0853409014958,
        649.3228822279526,
        679.4603409014958,
        648.0521177720474,
        767.9146590985042,
        682.4271177720474,
        752.2896590985042,
        645.0351462518073,
        681.4093117997436,
        665.875,
        715.875,
        641.3173754594031,
        684.3009113049469,
        669.4423754594031,
        662.4259113049469,
        690.4326245405969,
        747.4490886950531,
        718.5576245405969,
        725.5740886950531,
        665.4956143725215,
        665.4956143725215,
        694,
        694,
        662.4259113049469,
        669.4423754594031,
        684.3009113049469,
        641.3173754594031,
        725.5740886950531,
        718.5576245405969,
        747.4490886950531,
        690.4326245405969,
        681.4093117997436,
        645.0351462518073,
        715.875,
        665.875,
        679.4603409014958,
        649.3228822279526,
        695.0853409014958,
        614.9478822279526,
        752.2896590985042,
        682.4271177720474,
        767.9146590985042,
        648.0521177720474,
        693.4260220001902,
        618.598383810825,
        731.5,
        631.5,
        692.5243521722152,
        622.5056197320497,
        701.8993521722152,
        581.8806197320497,
        770.4756478277848,
        640.4943802679503,
        779.8506478277848,
        599.8693802679503,
        701.1772186612595,
        585.0098649461912,
        740.875,
        590.875,
        700.9635936857356,
        588.214239579049,
        704.0885936857356,
        541.339239579049,
        780.7864063142644,
        593.535760420951,
        783.9114063142644,
        546.660760420951,
        704,
        542.6681448650837,
        744,
        544,
        704,
        544,
        704,
        200,
        784,
        544,
        784,
        200,
        704,
        201.33185513491628,
        744,
        200,
        704.0885936857356,
        202.66076042095096,
        700.9635936857356,
        155.78576042095096,
        783.9114063142644,
