{
  "contours": [
    {
      "fill": {
        "kind": 0,
        "color": 2068663629
      },
      "vertices": [
        3.796875,
        227.046875,
        0,
        5285,
        0,
        284,
        3.796875,
        5341.953125,
        15.1875,
        177.6875,
        15.1875,
        5391.3125,
        34.171875,
        135.921875,
        34.171875,
        5433.078125,
        60.75,
        101.75,
        60.75,
        5467.25,
        94.921875,
        75.171875,
        94.921875,
        5493.828125,
        136.6875,
        56.1875,
        136.6875,
        5512.8125,
        186.046875,
        44.796875,
        186.046875,
        5524.203125,
        243,
        41,
        243,
        5528,
        4216,
        41,
        4216,
        5528,
        4272.953125,
        44.796875,
        4272.953125,
        5524.203125,
        4322.3125,
        56.1875,
        4322.3125,
        5512.8125,
        4364.078125,
        75.171875,
        4364.078125,
        5493.828125,
        4398.25,
        101.75,
        4398.25,
        5467.25,
        4424.828125,
        135.921875,
        4424.828125,
        5433.078125,
        4443.8125,
        177.6875,
        4443.8125,
        5391.3125,
        4455.203125,
        227.046875,
        4455.203125,
        5341.953125,
        4459,
        284,
        4459,
        5285
      ],
      "indices": [
        0,
        1,
        2,
        1,
        0,
        3,
        3,
        0,
        4,
        3,
        4,
        5,
        5,
        4,
        6,
        5,
        6,
        7,
        7,
        6,
        8,
        7,
        8,
        9,
        9,
        8,
        10,
        9,
        10,
        11,
        11,
        10,
        12,
        11,
        12,
        13,
        13,
        12,
        14,
        13,
        14,
        15,
        15,
        14,
        16,
        15,
        16,
        17,
        17,
        16,
        18,
        17,
        18,
        19,
        19,
        18,
        20,
        19,
        20,
        21,
        21,
        20,
        22,
        21,
        22,
        23,
        23,
        22,
        24,
        23,
        24,
        25,
        25,
        24,
        26,
        25,
        26,
        27,
        27,
        26,
        28,
        27,
        28,
        29,
        29,
        28,
        30,
        29,
        30,
        31,
        31,
        30,
        32,
        31,
        32,
        33,
        33,
        32,
        34,
        33,
        34,
        35
      ]
    }
  ],
  "bounds": [0, 0, 4459, 5528]
}
