{
  "contours": [
    {
      "fill": {
        "kind": 0,
        "color": 4289973367
      },
      "vertices": [
        401,
        930,
        301,
        940,
        301,
        930,
        328,
        1054,
        386,
        1060,
        419,
        1017,
        430,
        935,
        424.15625,
        1009.921875,
        428.625,
        1003.1875,
        432.40625,
        996.796875,
        432.578125,
        936.421875,
        435.5,
        990.75,
        434.8125,
        938.6875,
        436.703125,
        941.796875,
        437.90625,
        985.046875,
        438.25,
        945.75,
        439.625,
        979.6875,
        439.453125,
        950.546875,
        440.3125,
        956.1875,
        440.65625,
        974.671875,
        440.828125,
        962.671875,
        441,
        970,
        -331.8125,
        1298.609375,
        -359,
        1711,
        -360.25,
        1347.4375,
        -349,
        1699,
        -344.6875,
        2198.3125,
        -339.796875,
        2174.703125,
        -334.75,
        2149.25,
        -329.546875,
        2121.953125,
        -299,
        1250,
        -324.1875,
        2092.8125,
        -318.671875,
        2061.828125,
        -313,
        2029,
        -279,
        1820,
        -262.640625,
        1201.703125,
        -270.234375,
        1766.625,
        -260.9375,
        1713.5,
        -227.0625,
        1157.8125,
        -251.109375,
        1660.625,
        -240.75,
        1608,
        -229.859375,
        1555.625,
        -218.4375,
        1503.5,
        -192.265625,
        1118.328125,
        -206.484375,
        1451.625,
        -194,
        1400,
        -184.21875,
        1367.9375,
        -158.25,
        1083.25,
        -174.375,
        1338.25,
        -164.46875,
        1310.9375,
        -154.5,
        1286,
        -125.015625,
        1052.578125,
        -144.46875,
        1263.4375,
        -134.375,
        1243.25,
        -124.21875,
        1225.4375,
        -92.5625,
        1026.3125,
        -114,
        1210,
        -81.609375,
        1170.15625,
        -60.890625,
        1004.453125,
        -45.4375,
        1135.625,
        -30,
        987,
        -5.484375,
        1106.40625,
        0.765625,
        973.140625,
        38.25,
        1082.5,
        34.5625,
        961.5625,
        71.390625,
        952.265625,
        85.765625,
        1063.90625,
        111.25,
        945.25,
        137.0625,
        1050.625,
        154.140625,
        940.515625,
        192.140625,
        1042.65625,
        200.0625,
        938.0625,
        251,
        1040,
        249.015625,
        937.890625,
        -498.53125,
        2404.890625,
        -496,
        2529,
        -499,
        2440,
        -497.125,
        2366.5625,
        -494.78125,
        2325.015625,
        -492.921875,
        2541.296875,
        -491.5,
        2280.25,
        -488.6875,
        2553.6875,
        -487.28125,
        2232.265625,
        -483.296875,
        2566.171875,
        -482.125,
        2181.0625,
        -476.75,
        2578.75,
        -476.03125,
        2126.640625,
        -469.046875,
        2591.421875,
        -469,
        2069,
        -460.1875,
        2604.1875,
        -461.96875,
        2010.3125,
        -455.875,
        1953.25,
        -450.171875,
        2617.046875,
        -450.71875,
        1897.8125,
        -446.5,
        1844,
        -439,
        2630,
        -443.21875,
        1791.8125,
        -440.875,
        1741.25,
        -439.46875,
        1692.3125,
        -439,
        1645,
        -436.8125,
        1594.859375,
        -424.109375,
        2613.078125,
        -430.25,
        1544.9375,
        -419.3125,
        1495.234375,
        -410.9375,
        2594.3125,
        -404,
        1445.75,
        -399.484375,
        2573.703125,
        -384.3125,
        1396.484375,
        -389.75,
        2551.25,
        -381.734375,
        2526.953125,
        -375.4375,
        2500.8125,
        -370.859375,
        2472.828125,
        -368,
        2443,
        -359,
        1730,
        -354,
        2240,
        -349.421875,
        2220.078125
      ],