{
  "contours": [
    {
      "fill": {
        "kind": 0,
        "color": 4290241282
      },
      "vertices": [
        2,
        26.03125,
        0,
        735,
        0,
        34,
        2,
        742.96875,
        8,
        19.125,
        8,
        749.875,
        18,
        13.28125,
        18,
        755.71875,
        32,
        8.5,
        32,
        760.5,
        50,
        4.78125,
        50,
        764.21875,
        72,
        2.125,
        72,
        766.875,
        98,
        0.53125,
        98,
        768.46875,
        128,
        0,
        128,
        769,
        2201,
        0,
        2201,
        769,
        2231,
        0.53125,
        2231,
        768.46875,
        2257,
        2.125,
        2257,
        766.875,
        2279,
        4.78125,
        2279,
        764.21875,
        2297,
        8.5,
        2297,
        760.5,
        2311,
        13.28125,
        2311,
        755.71875,
        2321,
        19.125,
        2321,
        749.875,
        2327,
        26.03125,
        2327,
        742.96875,
        2329,
        34,
        2329,
        735
      ],
      "indices": [
        0,
        1,
        2,
        1,
        0,
        3,
        3,
        0,
        4,
        3,
        4,
        5,
        5,
        4,
        6,
        5,
        6,
        7,
        7,
        6,
        8,
        7,
        8,
        9,
        9,
        8,
        10,
        9,
        10,
        11,
        11,
        10,
        12,
        11,
        12,
        13,
        13,
        12,
        14,
        13,
        14,
        15,
        15,
        14,
        16,
        15,
        16,
        17,
        17,
        16,
        18,
        17,
        18,
        19,
        19,
        18,
        20,
        19,
        20,
        21,
        21,
        20,
        22,
        21,
        22,
        23,
        23,
        22,
        24,
        23,
        24,
        25,
        25,
        24,
        26,
        25,
        26,
        27,
        27,
        26,
        28,
        27,
        28,
        29,
        29,
        28,
        30,
        29,
        30,
        31,
        31,
        30,
        32,
        31,
        32,
        33,
        33,
        32,
        34,
        33,
        34,
        35
      ]
    }
  ],
  "bounds": [0, 0, 2329, 769]
}
