{
  "contours": [
    {
      "fill": {
        "kind": 0,
        "color": 4288533368
      },
      "vertices": [
        4216,
        40,
        243,
        40,
        4216,
        -40,
        243,
        -40,
        244.33185513491628,
        40,
        243,
        0,
        245.66076042095096,
        39.911406314264354,
        188.70763542095096,
        43.708281314264354,
        240.33923957904904,
        -39.911406314264354,
        183.38611457904904,
        -36.114531314264354,
        191.912010053809,
        43.494656338740484,
        186.046875,
        3.796875,
        195.04125526795033,
        42.7725228277848,
        145.68188026795033,
        54.1631478277848,
        177.05249473204967,
        -35.1787728277848,
        127.69311973204967,
        -23.788147827784798,
        149.58911618917466,
        53.261477999809955,
        136.6875,
        15.1875,
        153.23961777204735,
        51.60215909850419,
        111.47399277204735,
        70.58653409850419,
        120.13538222795265,
        -21.22715909850419,
        78.36975722795265,
        -2.2427840985041883,
        115.76172874819255,
        68.63756320025637,
        94.921875,
        34.171875,
        119.47949954059682,
        65.74596369505305,
        85.30762454059682,
        92.32408869505305,
        70.36425045940318,
        2.597786304946947,
        36.19237545940318,
        29.175911304946947,
        89.25438562747846,
        89.25438562747844,
        60.75,
        60.75,
        92.32408869505305,
        85.30762454059682,
        65.74596369505305,
        119.47949954059682,
        29.175911304946947,
        36.19237545940318,
        2.597786304946947,
        70.36425045940318,
        68.63756320025637,
        115.76172874819255,
        34.171875,
        94.921875,
        70.58653409850419,
        111.47399277204735,
        51.60215909850419,
        153.23961777204735,
        -2.2427840985041883,
        78.36975722795265,
        -21.22715909850419,
        120.13538222795265,
        53.26147799980994,
        149.5891161891747,
        15.1875,
        136.6875,
        54.1631478277848,
        145.68188026795033,
        42.7725228277848,
        195.04125526795033,
        -23.788147827784798,
        127.69311973204967,
        -35.1787728277848,
        177.05249473204967,
        43.494656338740484,
        191.912010053809,
        3.796875,
        186.046875,
        43.708281314264354,
        188.70763542095096,
        39.911406314264354,
        245.66076042095096,
        -36.114531314264354,
        183.38611457904904,
        -39.911406314264354,
        240.33923957904904,
        40,
        244.33185513491628,
        0,
        243,
        40,
        243,
        40,
        1818,
        -40,
        243,
        -40,
        1818,
        40,
        1816.6681448650836,
        0,
        1818,
        39.911406314264354,
        1815.339239579049,
        43.708281314264354,
        1872.292364579049,
        -39.911406314264354,
        1820.660760420951,
        -36.114531314264354,
        1877.613885420951,
        43.49465633874048,
        1869.0879899461909,
        3.796875,
        1874.953125,
        42.7725228277848,
        1865.9587447320496,
        54.1631478277848,
        1915.3181197320496,
        -35.1787728277848,
        1883.9475052679504,
        -23.788147827784798,
        1933.3068802679504,
        53.26147799981003,
        1911.4108838108257,
        15.1875,
        1924.3125,
        51.60215909850419,
        1907.7603822279527,
        70.58653409850419,
        1949.5260072279527,
        -21.22715909850419,
        1940.8646177720473,
        -2.2427840985041883,
        1982.6302427720473,
        68.63756320025622,
        1945.2382712518072,
        34.171875,
        1966.078125,
        65.74596369505305,
        1941.5205004594031,
        92.32408869505305,
        1975.6923754594031,
        2.597786304946947,
        1990.6357495405969,
        29.175911304946947,
        2024.8076245405969,
        89.25438562747867,
        1971.7456143725217,
        60.75,
        2000.25,
        85.30762454059682,
        1968.675911304947,
        119.47949954059682,
        1995.254036304947,
        36.19237545940318,
        2031.824088695053,
        70.36425045940318,
        2058.402213695053,
        115.76172874819225,
        1992.3624367997434,
        94.921875,
        2026.828125,
        111.47399277204735,
        1990.4134659014958,
        153.23961777204735,
        2009.3978409014958,
        78.36975722795265,
        2063.242784098504,
        120.13538222795265,
        2082.227159098504,
        149.58911618917494,
        2007.7385220001902,
        136.6875,
        2045.8125,
        145.68188026795033,
        2006.8368521722152,
        195.04125526795033,
        2018.2274771722152,
        127.69311973204967,
        2084.788147827785,
        177.05249473204967,
        2096.178772827785,
        191.91201005380952,
        2017.5053436612598,
        186.046875,
        2057.203125,
        188.70763542095096,
        2017.2917186857358,
        245.66076042095096,
        2021.0885936857358,
        183.38611457904904,
        2097.1145313142642,
        240.33923957904904,
        2100.9114063142642,
        244.33185513491458,
        2021,
        243,
        2061,
        243,
        2021,
        4216,
        2021,
        243,
        2101,
        4216,
        2101,
        4214.668144865085,
        2021,
        4216,
        2061,
        4213.339239579049,
        2021.0885936857358,
        4270.292364579049,
        2017.2917186857358,
        4218.660760420951,
        2100.9114063142642,
        4275.613885420951,
        2097.1145313142642,
        4267.087989946191,
        2017.5053436612595,
        4272.953125,
        2057.203125,
        4263.95874473205,
        2018.2274771722152,
        4313.31811973205,
        2006.8368521722152,
        4281.94750526795,
        2096.178772827785,
        4331.30688026795,
        2084.788147827785,
        4309.410883810824,
        2007.7385220001904,
        4322.3125,
        2045.8125,
        4305.7603822279525,
        2009.3978409014958,
        4347.5260072279525,
        1990.4134659014958,
        4338.8646177720475,
        2082.227159098504,
        4380.6302427720475,
        2063.242784098504,
        4343.238271251809,
        1992.362436799743,
        4364.078125,
        2026.828125,
        4339.520500459404,
        1995.254036304947,
        4373.692375459404,
        1968.675911304947,
        4388.635749540596,
        2058.402213695053,
        4422.807624540596,
        2031.824088695053,
        4369.745614372519,
        1971.7456143725233,
        4398.25,
        2000.25,
        4366.675911304947,
        1975.6923754594031,
        4393.254036304947,
        1941.5205004594031,
        4429.824088695053,
        2024.8076245405969,
        4456.402213695053,
        1990.6357495405969,
        4390.362436799745,
        1945.2382712518047,
        4424.828125,
        1966.078125,
        4388.413465901496,
        1949.5260072279527,
        4407.397840901496,
        1907.7603822279527,
        4461.242784098504,
        1982.6302427720473,
        4480.227159098504,
        1940.8646177720473,
        4405.738522000189,
        1911.4108838108284,
        4443.8125,
        1924.3125,
        4404.836852172215,
        1915.3181197320496,
        4416.227477172215,
        1865.9587447320496,
        4482.788147827785,
        1933.3068802679504,
        4494.178772827785,
        1883.9475052679504,
        4415.50534366126,
        1869.087989946189,
        4455.203125,
        1874.953125,
        4415.291718685736,
        1872.292364579049,
        4419.088593685736,
        1815.339239579049,
        4495.114531314264,
        1877.613885420951,
        4498.911406314264,
