{
  "contours": [
    {
      "fill": {
        "kind": 0,
        "color": 788529151
      },
      "vertices": [
        3.796875,
        186.046875,
        0,
        1818,
        0,
        243,
        3.796875,
        1874.953125,
        15.1875,
        136.6875,
        15.1875,
        1924.3125,
        34.171875,
        94.921875,
        34.171875,
        1966.078125,
        60.75,
        60.75,
        60.75,
        2000.25,
        94.921875,
        34.171875,
        94.921875,
        2026.828125,
        136.6875,
        15.1875,
        136.6875,
        2045.8125,
        186.046875,
        3.796875,
        186.046875,
        2057.203125,
        243,
        0,
        243,
        2061,
        4216,
        0,
        4216,
        2061,
        4272.953125,
        3.796875,
        4272.953125,
        2057.203125,
        4322.3125,
        15.1875,
        4322.3125,
        2045.8125,
        4364.078125,
        34.171875,
        4364.078125,
        2026.828125,
        4398.25,
        60.75,
        4398.25,
        2000.25,
        4424.828125,
        94.921875,
        4424.828125,
        1966.078125,
        4443.8125,
        136.6875,
        4443.8125,
        1924.3125,
        4455.203125,
        186.046875,
        4455.203125,
        1874.953125,
        4459,
        243,
        4459,
        1818
      ],
      "indices": [
        0,
        1,
        2,
        1,
        0,
        3,
        3,
        0,
        4,
        3,
        4,
        5,
        5,
        4,
        6,
        5,
        6,
        7,
        7,
        6,
        8,
        7,
        8,
        9,
        9,
        8,
        10,
        9,
        10,
        11,
        11,
        10,
        12,
        11,
        12,
        13,
        13,
        12,
        14,
        13,
        14,
        15,
        15,
        14,
        16,
        15,
        16,
        17,
        17,
        16,
        18,
        17,
        18,
        19,
        19,
        18,
        20,
        19,
        20,
        21,
        21,
        20,
        22,
        21,
        22,
        23,
        23,
        22,
        24,
        23,
        24,
        25,
        25,
        24,
        26,
        25,
        26,
        27,
        27,
        26,
        28,
        27,
        28,
        29,
        29,
        28,
        30,
        29,
        30,
        31,
        31,
        30,
        32,
        31,
        32,
        33,
        33,
        32,
        34,
        33,
        34,
        35
      ]
    }
  ],
  "bounds": [0, 0, 4459, 2061]
}
